,GroupID,B0,E,Eh,El,Th,Tl,AIC,Converge
0,1,NA,NA,NA,NA,NA,NA,NA,N
0,2,NA,NA,NA,NA,NA,NA,NA,F
0,3,NA,NA,NA,NA,NA,NA,NA,N
0,4,NA,NA,NA,NA,NA,NA,NA,N
0,5,NA,NA,NA,NA,NA,NA,NA,N
0,6,NA,NA,NA,NA,NA,NA,NA,F
0,7,NA,NA,NA,NA,NA,NA,NA,F
0,8,3.12037361427551,1.0524897256437147,4.042171995356317,6.1324161378885235e-06,302.7082804932828,304.58724143156417,11.685576958712861,Y
0,9,NA,NA,NA,NA,NA,NA,NA,N
0,10,NA,NA,NA,NA,NA,NA,NA,N
0,11,NA,NA,NA,NA,NA,NA,NA,N
0,12,NA,NA,NA,NA,NA,NA,NA,N
0,13,0.00020279136563591127,-0.0445946437722582,-3.943060913304041e-06,-10.161404267890282,275.04556774177456,279.08984787861755,-132.12676833821484,Y
0,14,NA,NA,NA,NA,NA,NA,NA,N
0,15,NA,NA,NA,NA,NA,NA,NA,N
0,16,NA,NA,NA,NA,NA,NA,NA,N
0,17,NA,NA,NA,NA,NA,NA,NA,N
0,18,NA,NA,NA,NA,NA,NA,NA,N
0,19,NA,NA,NA,NA,NA,NA,NA,N
0,20,NA,NA,NA,NA,NA,NA,NA,N
0,21,NA,NA,NA,NA,NA,NA,NA,N
0,22,NA,NA,NA,NA,NA,NA,NA,N
0,23,NA,NA,NA,NA,NA,NA,NA,N
0,24,NA,NA,NA,NA,NA,NA,NA,N
0,25,NA,NA,NA,NA,NA,NA,NA,N
0,26,NA,NA,NA,NA,NA,NA,NA,F
0,27,NA,NA,NA,NA,NA,NA,NA,F
0,28,NA,NA,NA,NA,NA,NA,NA,F
0,29,NA,NA,NA,NA,NA,NA,NA,F
0,30,NA,NA,NA,NA,NA,NA,NA,F
0,31,1.7799730564417384,0.6640710829458624,24.582957419780435,-0.00027354159683807563,297.396988613608,262.82124988624264,-15.971292873731336,Y
0,32,NA,NA,NA,NA,NA,NA,NA,N
0,33,NA,NA,NA,NA,NA,NA,NA,N
0,34,NA,NA,NA,NA,NA,NA,NA,F
0,35,NA,NA,NA,NA,NA,NA,NA,F
0,36,NA,NA,NA,NA,NA,NA,NA,N
0,37,0.1566882391905304,3.272294286684381,6.0082923305058795,2.5600503733703706,293.6449080746004,282.14950908522036,-86.742685725223,Y
0,38,NA,NA,NA,NA,NA,NA,NA,N
0,39,NA,NA,NA,NA,NA,NA,NA,N
0,40,NA,NA,NA,NA,NA,NA,NA,N
0,41,NA,NA,NA,NA,NA,NA,NA,N
0,42,NA,NA,NA,NA,NA,NA,NA,N
0,43,NA,NA,NA,NA,NA,NA,NA,N
0,44,NA,NA,NA,NA,NA,NA,NA,N
0,45,0.03782376597989852,0.8797849127830066,4.836958640094499,-37.97380144748219,303.9353668516709,290.82504984026923,-46.386719010560654,Y
0,46,NA,NA,NA,NA,NA,NA,NA,N
0,47,0.06683432829494124,0.5586385563567352,4.834010840264758,-41.34949638150325,304.5827144245261,291.06787499176266,-39.63197246823376,Y
0,48,NA,NA,NA,NA,NA,NA,NA,N
0,49,NA,NA,NA,NA,NA,NA,NA,N
0,50,NA,NA,NA,NA,NA,NA,NA,N
0,51,0.3489570597678694,1.7463302082775296,10.27928918757617,2.7479758917038555,302.6586534603379,295.59139549705253,-19.679165043921554,Y
0,52,NA,NA,NA,NA,NA,NA,NA,N
0,53,NA,NA,NA,NA,NA,NA,NA,N
0,54,NA,NA,NA,NA,NA,NA,NA,N
0,55,NA,NA,NA,NA,NA,NA,NA,N
0,56,NA,NA,NA,NA,NA,NA,NA,N
0,57,NA,NA,NA,NA,NA,NA,NA,N
0,58,NA,NA,NA,NA,NA,NA,NA,N
0,59,0.5517140651036584,4.125037490678197,7.4740991578054725,3.6110178954406837,294.53172932220497,285.7909589285131,-10.50392178501485,Y
0,60,NA,NA,NA,NA,NA,NA,NA,N
0,61,NA,NA,NA,NA,NA,NA,NA,N
0,62,NA,NA,NA,NA,NA,NA,NA,N
0,63,NA,NA,NA,NA,NA,NA,NA,N
0,64,NA,NA,NA,NA,NA,NA,NA,N
0,65,NA,NA,NA,NA,NA,NA,NA,N
0,66,0.4376360689397875,3.737412480784688,7.938450134233564,3.511971025188085,296.8137253895075,286.91765984077404,-21.121534234505297,Y
0,67,NA,NA,NA,NA,NA,NA,NA,N
0,68,NA,NA,NA,NA,NA,NA,NA,N
0,69,NA,NA,NA,NA,NA,NA,NA,N
0,70,NA,NA,NA,NA,NA,NA,NA,N
0,71,NA,NA,NA,NA,NA,NA,NA,N
0,72,NA,NA,NA,NA,NA,NA,NA,N
0,73,NA,NA,NA,NA,NA,NA,NA,N
0,74,NA,NA,NA,NA,NA,NA,NA,N
0,75,NA,NA,NA,NA,NA,NA,NA,N
0,76,3.003395052278387,5.724648987562432,11.227836380041365,5.3636506630923195,293.3806047357137,282.2736138642708,-24.931380859105317,Y
0,77,NA,NA,NA,NA,NA,NA,NA,N
0,78,NA,NA,NA,NA,NA,NA,NA,N
0,79,NA,NA,NA,NA,NA,NA,NA,N
0,80,904.0171733287182,22.4616235424371,29.40318103727495,21.737159920197385,286.4757946581879,280.8980643352771,-21.945042307934514,Y
0,81,NA,NA,NA,NA,NA,NA,NA,N
0,82,NA,NA,NA,NA,NA,NA,NA,N
0,83,NA,NA,NA,NA,NA,NA,NA,N
0,84,NA,NA,NA,NA,NA,NA,NA,N
0,85,NA,NA,NA,NA,NA,NA,NA,N
0,86,NA,NA,NA,NA,NA,NA,NA,N
0,87,NA,NA,NA,NA,NA,NA,NA,N
0,88,NA,NA,NA,NA,NA,NA,NA,N
0,89,NA,NA,NA,NA,NA,NA,NA,N
0,90,NA,NA,NA,NA,NA,NA,NA,N
0,91,NA,NA,NA,NA,NA,NA,NA,N
0,92,NA,NA,NA,NA,NA,NA,NA,N
0,93,NA,NA,NA,NA,NA,NA,NA,N
0,94,NA,NA,NA,NA,NA,NA,NA,N
0,95,2.9612719138937784,0.7029274845598377,6.585257333801461,-6.221535101243018e-05,297.99919891222385,287.7397844153459,-13.512794868455273,Y
0,96,NA,NA,NA,NA,NA,NA,NA,N
0,97,NA,NA,NA,NA,NA,NA,NA,N
0,98,NA,NA,NA,NA,NA,NA,NA,N
0,99,11459.541419304058,27.829611514517655,33.14463276100042,26.98621074703206,283.99064279638094,280.881658765891,-15.941371138611249,Y
0,100,NA,NA,NA,NA,NA,NA,NA,N
0,101,2.7412991097315653,0.7474079776958313,5.945051067426834,9.020629623825345e-06,297.27619181021754,311.25121044776864,-5.159605021698912,Y
0,102,7643.462509954386,31.828575811090957,37.40032645513393,31.188496081274263,284.17006031649447,281.32194109460437,-9.794651992609097,Y
0,103,3.7285360253123403,5.639649652517223,15.816797013241425,5.224001420835349,296.6199425405673,281.9001354971022,-18.06868192171212,Y
0,104,NA,NA,NA,NA,NA,NA,NA,N
0,105,NA,NA,NA,NA,NA,NA,NA,N
0,106,NA,NA,NA,NA,NA,NA,NA,N
0,107,NA,NA,NA,NA,NA,NA,NA,N
0,108,NA,NA,NA,NA,NA,NA,NA,N
0,109,NA,NA,NA,NA,NA,NA,NA,N
0,110,NA,NA,NA,NA,NA,NA,NA,N
0,111,10128.532757443456,32.97879447164853,40.71575848766665,32.455582593601505,285.41945011776977,281.2541772536524,-53.60753934921638,Y
0,112,NA,NA,NA,NA,NA,NA,NA,N
0,113,1.3834548694176465,3.855792339913855,7.487646593969899,3.2449096008519867,293.4607771168424,283.2980329730309,-7.1663925149418475,Y
0,114,NA,NA,NA,NA,NA,NA,NA,N
0,115,NA,NA,NA,NA,NA,NA,NA,N
0,116,NA,NA,NA,NA,NA,NA,NA,N
0,117,NA,NA,NA,NA,NA,NA,NA,N
0,118,NA,NA,NA,NA,NA,NA,NA,N
0,119,NA,NA,NA,NA,NA,NA,NA,N
0,120,NA,NA,NA,NA,NA,NA,NA,N
0,121,2.403657952197952,4.067129148110604,10.115976828162744,3.5328126542116,294.97775111805026,282.02018728665115,-27.151275237207123,Y
0,122,NA,NA,NA,NA,NA,NA,NA,N
0,123,NA,NA,NA,NA,NA,NA,NA,N
0,124,NA,NA,NA,NA,NA,NA,NA,N
0,125,NA,NA,NA,NA,NA,NA,NA,N
0,126,NA,NA,NA,NA,NA,NA,NA,N
0,127,NA,NA,NA,NA,NA,NA,NA,N
0,128,NA,NA,NA,NA,NA,NA,NA,N
0,129,NA,NA,NA,NA,NA,NA,NA,N
0,130,NA,NA,NA,NA,NA,NA,NA,N
0,131,NA,NA,NA,NA,NA,NA,NA,N
0,132,NA,NA,NA,NA,NA,NA,NA,N
0,133,NA,NA,NA,NA,NA,NA,NA,N
0,134,NA,NA,NA,NA,NA,NA,NA,N
0,135,NA,NA,NA,NA,NA,NA,NA,N
0,136,NA,NA,NA,NA,NA,NA,NA,N
0,137,NA,NA,NA,NA,NA,NA,NA,N
0,138,NA,NA,NA,NA,NA,NA,NA,N
0,139,NA,NA,NA,NA,NA,NA,NA,N
0,140,NA,NA,NA,NA,NA,NA,NA,N
0,141,NA,NA,NA,NA,NA,NA,NA,N
0,142,NA,NA,NA,NA,NA,NA,NA,N
0,143,NA,NA,NA,NA,NA,NA,NA,N
0,144,NA,NA,NA,NA,NA,NA,NA,N
0,145,1.0800568715909382,3.5812273254959566,13.17010493010495,3.429765540629296,299.6933613763802,285.12706641127517,-5.5922012986149205,Y
0,146,NA,NA,NA,NA,NA,NA,NA,N
0,147,NA,NA,NA,NA,NA,NA,NA,N
0,148,NA,NA,NA,NA,NA,NA,NA,N
0,149,NA,NA,NA,NA,NA,NA,NA,N
0,150,NA,NA,NA,NA,NA,NA,NA,N
0,151,NA,NA,NA,NA,NA,NA,NA,N
0,152,NA,NA,NA,NA,NA,NA,NA,N
0,153,NA,NA,NA,NA,NA,NA,NA,N
0,154,NA,NA,NA,NA,NA,NA,NA,N
0,155,NA,NA,NA,NA,NA,NA,NA,N
0,156,NA,NA,NA,NA,NA,NA,NA,N
0,157,0.8267272375437024,3.033965828083834,12.822344074385912,2.974228626312041,300.4743587254974,286.99801206065064,-6.647948808036581,Y
0,158,NA,NA,NA,NA,NA,NA,NA,N
0,159,NA,NA,NA,NA,NA,NA,NA,N
0,160,NA,NA,NA,NA,NA,NA,NA,N
0,161,NA,NA,NA,NA,NA,NA,NA,N
0,162,2.112166785160308,0.6944263464995017,5.140987752669665,-3.360319373064686,299.9504722734702,276.24606450941656,7.3967003756019105,Y
0,163,NA,NA,NA,NA,NA,NA,NA,N
0,164,NA,NA,NA,NA,NA,NA,NA,N
0,165,NA,NA,NA,NA,NA,NA,NA,N
0,166,NA,NA,NA,NA,NA,NA,NA,N
0,167,NA,NA,NA,NA,NA,NA,NA,N
0,168,NA,NA,NA,NA,NA,NA,NA,N
0,169,NA,NA,NA,NA,NA,NA,NA,N
0,170,NA,NA,NA,NA,NA,NA,NA,N
0,171,NA,NA,NA,NA,NA,NA,NA,N
0,172,NA,NA,NA,NA,NA,NA,NA,N
0,173,NA,NA,NA,NA,NA,NA,NA,N
0,174,NA,NA,NA,NA,NA,NA,NA,N
0,175,NA,NA,NA,NA,NA,NA,NA,N
0,176,NA,NA,NA,NA,NA,NA,NA,N
0,177,NA,NA,NA,NA,NA,NA,NA,N
0,178,NA,NA,NA,NA,NA,NA,NA,N
0,179,NA,NA,NA,NA,NA,NA,NA,N
0,180,NA,NA,NA,NA,NA,NA,NA,N
0,181,NA,NA,NA,NA,NA,NA,NA,N
0,182,NA,NA,NA,NA,NA,NA,NA,N
0,183,NA,NA,NA,NA,NA,NA,NA,N
0,184,NA,NA,NA,NA,NA,NA,NA,N
0,185,NA,NA,NA,NA,NA,NA,NA,N
0,186,NA,NA,NA,NA,NA,NA,NA,N
0,187,NA,NA,NA,NA,NA,NA,NA,N
0,188,NA,NA,NA,NA,NA,NA,NA,N
0,189,NA,NA,NA,NA,NA,NA,NA,N
0,190,NA,NA,NA,NA,NA,NA,NA,N
0,191,NA,NA,NA,NA,NA,NA,NA,N
0,192,NA,NA,NA,NA,NA,NA,NA,N
0,193,NA,NA,NA,NA,NA,NA,NA,N
0,194,NA,NA,NA,NA,NA,NA,NA,N
0,195,NA,NA,NA,NA,NA,NA,NA,N
0,196,NA,NA,NA,NA,NA,NA,NA,N
0,197,NA,NA,NA,NA,NA,NA,NA,N
0,198,NA,NA,NA,NA,NA,NA,NA,N
0,199,NA,NA,NA,NA,NA,NA,NA,N
0,200,NA,NA,NA,NA,NA,NA,NA,N
0,201,NA,NA,NA,NA,NA,NA,NA,N
0,202,NA,NA,NA,NA,NA,NA,NA,N
0,203,NA,NA,NA,NA,NA,NA,NA,N
0,204,NA,NA,NA,NA,NA,NA,NA,N
0,205,NA,NA,NA,NA,NA,NA,NA,N
0,206,NA,NA,NA,NA,NA,NA,NA,N
0,207,NA,NA,NA,NA,NA,NA,NA,N
0,208,NA,NA,NA,NA,NA,NA,NA,N
0,209,NA,NA,NA,NA,NA,NA,NA,N
0,210,NA,NA,NA,NA,NA,NA,NA,N
0,211,NA,NA,NA,NA,NA,NA,NA,N
0,212,NA,NA,NA,NA,NA,NA,NA,N
0,213,NA,NA,NA,NA,NA,NA,NA,N
0,214,NA,NA,NA,NA,NA,NA,NA,N
0,215,NA,NA,NA,NA,NA,NA,NA,N
0,216,NA,NA,NA,NA,NA,NA,NA,N
0,217,NA,NA,NA,NA,NA,NA,NA,N
0,218,NA,NA,NA,NA,NA,NA,NA,N
0,219,NA,NA,NA,NA,NA,NA,NA,N
0,220,NA,NA,NA,NA,NA,NA,NA,N
0,221,NA,NA,NA,NA,NA,NA,NA,N
0,222,NA,NA,NA,NA,NA,NA,NA,N
0,223,NA,NA,NA,NA,NA,NA,NA,N
0,224,NA,NA,NA,NA,NA,NA,NA,N
0,225,NA,NA,NA,NA,NA,NA,NA,N
0,226,NA,NA,NA,NA,NA,NA,NA,N
0,227,NA,NA,NA,NA,NA,NA,NA,N
0,228,NA,NA,NA,NA,NA,NA,NA,N
0,229,NA,NA,NA,NA,NA,NA,NA,N
0,230,NA,NA,NA,NA,NA,NA,NA,N
0,231,NA,NA,NA,NA,NA,NA,NA,N
0,232,NA,NA,NA,NA,NA,NA,NA,N
0,233,NA,NA,NA,NA,NA,NA,NA,N
0,234,NA,NA,NA,NA,NA,NA,NA,N
0,235,NA,NA,NA,NA,NA,NA,NA,N
0,236,NA,NA,NA,NA,NA,NA,NA,N
0,237,NA,NA,NA,NA,NA,NA,NA,N
0,238,NA,NA,NA,NA,NA,NA,NA,N
0,239,NA,NA,NA,NA,NA,NA,NA,N
0,240,NA,NA,NA,NA,NA,NA,NA,N
0,241,NA,NA,NA,NA,NA,NA,NA,N
0,242,NA,NA,NA,NA,NA,NA,NA,N
0,243,NA,NA,NA,NA,NA,NA,NA,N
0,244,NA,NA,NA,NA,NA,NA,NA,N
0,245,NA,NA,NA,NA,NA,NA,NA,N
0,246,NA,NA,NA,NA,NA,NA,NA,N
0,247,NA,NA,NA,NA,NA,NA,NA,N
0,248,NA,NA,NA,NA,NA,NA,NA,N
0,249,NA,NA,NA,NA,NA,NA,NA,N
0,250,NA,NA,NA,NA,NA,NA,NA,N
0,251,NA,NA,NA,NA,NA,NA,NA,N
0,252,NA,NA,NA,NA,NA,NA,NA,N
0,253,NA,NA,NA,NA,NA,NA,NA,N
0,254,NA,NA,NA,NA,NA,NA,NA,N
0,255,NA,NA,NA,NA,NA,NA,NA,N
0,256,NA,NA,NA,NA,NA,NA,NA,F
0,257,NA,NA,NA,NA,NA,NA,NA,N
0,258,NA,NA,NA,NA,NA,NA,NA,N
0,259,NA,NA,NA,NA,NA,NA,NA,N
0,260,NA,NA,NA,NA,NA,NA,NA,N
0,261,NA,NA,NA,NA,NA,NA,NA,N
0,262,NA,NA,NA,NA,NA,NA,NA,N
0,263,NA,NA,NA,NA,NA,NA,NA,N
0,264,NA,NA,NA,NA,NA,NA,NA,N
0,265,NA,NA,NA,NA,NA,NA,NA,N
0,266,NA,NA,NA,NA,NA,NA,NA,N
0,267,NA,NA,NA,NA,NA,NA,NA,N
0,268,NA,NA,NA,NA,NA,NA,NA,N
0,269,NA,NA,NA,NA,NA,NA,NA,N
0,270,NA,NA,NA,NA,NA,NA,NA,N
0,271,NA,NA,NA,NA,NA,NA,NA,N
0,272,NA,NA,NA,NA,NA,NA,NA,N
0,273,NA,NA,NA,NA,NA,NA,NA,N
0,274,NA,NA,NA,NA,NA,NA,NA,N
0,275,NA,NA,NA,NA,NA,NA,NA,N
0,276,NA,NA,NA,NA,NA,NA,NA,N
0,277,NA,NA,NA,NA,NA,NA,NA,N
0,278,NA,NA,NA,NA,NA,NA,NA,N
0,279,NA,NA,NA,NA,NA,NA,NA,N
0,280,NA,NA,NA,NA,NA,NA,NA,N
0,281,NA,NA,NA,NA,NA,NA,NA,N
0,282,NA,NA,NA,NA,NA,NA,NA,N
0,283,NA,NA,NA,NA,NA,NA,NA,N
0,284,NA,NA,NA,NA,NA,NA,NA,N
0,285,NA,NA,NA,NA,NA,NA,NA,N
0,286,NA,NA,NA,NA,NA,NA,NA,N
0,287,NA,NA,NA,NA,NA,NA,NA,N
0,288,NA,NA,NA,NA,NA,NA,NA,N
0,289,NA,NA,NA,NA,NA,NA,NA,N
0,290,NA,NA,NA,NA,NA,NA,NA,N
0,291,NA,NA,NA,NA,NA,NA,NA,N
0,292,NA,NA,NA,NA,NA,NA,NA,N
0,293,NA,NA,NA,NA,NA,NA,NA,N
0,294,NA,NA,NA,NA,NA,NA,NA,N
0,295,NA,NA,NA,NA,NA,NA,NA,N
0,296,NA,NA,NA,NA,NA,NA,NA,N
0,297,NA,NA,NA,NA,NA,NA,NA,N
0,298,0.006517156220735134,1.3799659571054477,-0.57579109159243,2.8950906510263175,300.2641823053593,294.5928014380686,-214.26006052267763,Y
0,299,NA,NA,NA,NA,NA,NA,NA,N
0,300,NA,NA,NA,NA,NA,NA,NA,N
0,301,NA,NA,NA,NA,NA,NA,NA,N
0,302,NA,NA,NA,NA,NA,NA,NA,N
0,303,NA,NA,NA,NA,NA,NA,NA,N
0,304,NA,NA,NA,NA,NA,NA,NA,N
0,305,NA,NA,NA,NA,NA,NA,NA,N
0,306,0.025733449464695697,0.20862936492795844,0.0076560599626411185,0.007688014046780631,314.6058670645087,324.3827424368219,-127.4257194492084,Y
0,307,NA,NA,NA,NA,NA,NA,NA,N
0,308,NA,NA,NA,NA,NA,NA,NA,F
0,309,NA,NA,NA,NA,NA,NA,NA,N
0,310,NA,NA,NA,NA,NA,NA,NA,N
0,311,NA,NA,NA,NA,NA,NA,NA,N
0,312,NA,NA,NA,NA,NA,NA,NA,N
0,313,NA,NA,NA,NA,NA,NA,NA,N
0,314,NA,NA,NA,NA,NA,NA,NA,N
0,315,NA,NA,NA,NA,NA,NA,NA,N
0,316,NA,NA,NA,NA,NA,NA,NA,F
0,317,NA,NA,NA,NA,NA,NA,NA,N
0,318,NA,NA,NA,NA,NA,NA,NA,N
0,319,NA,NA,NA,NA,NA,NA,NA,N
0,320,NA,NA,NA,NA,NA,NA,NA,N
0,321,NA,NA,NA,NA,NA,NA,NA,N
0,322,NA,NA,NA,NA,NA,NA,NA,N
0,323,NA,NA,NA,NA,NA,NA,NA,N
0,324,NA,NA,NA,NA,NA,NA,NA,N
0,325,NA,NA,NA,NA,NA,NA,NA,N
0,326,0.01263855399164185,0.4693217191393786,1.3437781251100942,-0.6454312557560746,299.89090756621107,293.7399379719018,-107.55351701676173,Y
0,327,NA,NA,NA,NA,NA,NA,NA,N
0,328,NA,NA,NA,NA,NA,NA,NA,N
0,329,NA,NA,NA,NA,NA,NA,NA,N
0,330,NA,NA,NA,NA,NA,NA,NA,N
0,331,0.005583131199346969,2.1894332038188367,0.6961587906812394,3.4096102009044977,274.08942866485285,291.0456051287028,-229.23711902150131,Y
0,332,NA,NA,NA,NA,NA,NA,NA,N
0,333,NA,NA,NA,NA,NA,NA,NA,N
0,334,NA,NA,NA,NA,NA,NA,NA,N
0,335,NA,NA,NA,NA,NA,NA,NA,N
0,336,NA,NA,NA,NA,NA,NA,NA,N
0,337,NA,NA,NA,NA,NA,NA,NA,F
0,338,NA,NA,NA,NA,NA,NA,NA,N
0,339,NA,NA,NA,NA,NA,NA,NA,F
0,340,NA,NA,NA,NA,NA,NA,NA,N
0,341,NA,NA,NA,NA,NA,NA,NA,N
0,342,NA,NA,NA,NA,NA,NA,NA,N
0,343,NA,NA,NA,NA,NA,NA,NA,F
0,344,NA,NA,NA,NA,NA,NA,NA,N
0,345,NA,NA,NA,NA,NA,NA,NA,N
0,346,NA,NA,NA,NA,NA,NA,NA,F
0,347,NA,NA,NA,NA,NA,NA,NA,N
0,348,NA,NA,NA,NA,NA,NA,NA,N
0,349,NA,NA,NA,NA,NA,NA,NA,N
0,350,NA,NA,NA,NA,NA,NA,NA,N
0,351,NA,NA,NA,NA,NA,NA,NA,N
0,352,NA,NA,NA,NA,NA,NA,NA,N
0,353,NA,NA,NA,NA,NA,NA,NA,N
0,354,NA,NA,NA,NA,NA,NA,NA,N
0,355,NA,NA,NA,NA,NA,NA,NA,F
0,356,NA,NA,NA,NA,NA,NA,NA,N
0,357,NA,NA,NA,NA,NA,NA,NA,N
0,358,NA,NA,NA,NA,NA,NA,NA,N
0,359,NA,NA,NA,NA,NA,NA,NA,N
0,360,NA,NA,NA,NA,NA,NA,NA,N
0,361,NA,NA,NA,NA,NA,NA,NA,N
0,362,NA,NA,NA,NA,NA,NA,NA,N
0,363,NA,NA,NA,NA,NA,NA,NA,N
0,364,NA,NA,NA,NA,NA,NA,NA,F
0,365,NA,NA,NA,NA,NA,NA,NA,N
0,366,NA,NA,NA,NA,NA,NA,NA,N
0,367,NA,NA,NA,NA,NA,NA,NA,N
0,368,NA,NA,NA,NA,NA,NA,NA,N
0,369,NA,NA,NA,NA,NA,NA,NA,N
0,370,NA,NA,NA,NA,NA,NA,NA,N
0,371,NA,NA,NA,NA,NA,NA,NA,N
0,372,NA,NA,NA,NA,NA,NA,NA,N
0,373,NA,NA,NA,NA,NA,NA,NA,N
0,374,NA,NA,NA,NA,NA,NA,NA,N
0,375,NA,NA,NA,NA,NA,NA,NA,N
0,376,NA,NA,NA,NA,NA,NA,NA,N
0,377,NA,NA,NA,NA,NA,NA,NA,N
0,378,NA,NA,NA,NA,NA,NA,NA,N
0,379,NA,NA,NA,NA,NA,NA,NA,N
0,380,NA,NA,NA,NA,NA,NA,NA,N
0,381,NA,NA,NA,NA,NA,NA,NA,N
0,382,NA,NA,NA,NA,NA,NA,NA,N
0,383,NA,NA,NA,NA,NA,NA,NA,N
0,384,NA,NA,NA,NA,NA,NA,NA,N
0,385,NA,NA,NA,NA,NA,NA,NA,F
0,386,NA,NA,NA,NA,NA,NA,NA,N
0,387,NA,NA,NA,NA,NA,NA,NA,N
0,388,NA,NA,NA,NA,NA,NA,NA,N
0,389,NA,NA,NA,NA,NA,NA,NA,F
0,390,NA,NA,NA,NA,NA,NA,NA,N
0,391,NA,NA,NA,NA,NA,NA,NA,N
0,392,NA,NA,NA,NA,NA,NA,NA,N
0,393,NA,NA,NA,NA,NA,NA,NA,N
0,394,NA,NA,NA,NA,NA,NA,NA,N
0,395,NA,NA,NA,NA,NA,NA,NA,N
0,396,NA,NA,NA,NA,NA,NA,NA,N
0,397,NA,NA,NA,NA,NA,NA,NA,N
0,398,NA,NA,NA,NA,NA,NA,NA,N
0,399,NA,NA,NA,NA,NA,NA,NA,N
0,400,NA,NA,NA,NA,NA,NA,NA,N
0,401,NA,NA,NA,NA,NA,NA,NA,N
0,402,NA,NA,NA,NA,NA,NA,NA,F
0,403,NA,NA,NA,NA,NA,NA,NA,N
0,404,NA,NA,NA,NA,NA,NA,NA,N
0,405,NA,NA,NA,NA,NA,NA,NA,N
0,406,NA,NA,NA,NA,NA,NA,NA,N
0,407,NA,NA,NA,NA,NA,NA,NA,N
0,408,NA,NA,NA,NA,NA,NA,NA,N
0,409,NA,NA,NA,NA,NA,NA,NA,N
0,410,NA,NA,NA,NA,NA,NA,NA,F
0,411,NA,NA,NA,NA,NA,NA,NA,N
0,412,NA,NA,NA,NA,NA,NA,NA,N
0,413,NA,NA,NA,NA,NA,NA,NA,N
0,414,NA,NA,NA,NA,NA,NA,NA,N
0,415,NA,NA,NA,NA,NA,NA,NA,N
0,416,NA,NA,NA,NA,NA,NA,NA,N
0,417,NA,NA,NA,NA,NA,NA,NA,N
0,418,NA,NA,NA,NA,NA,NA,NA,N
0,419,NA,NA,NA,NA,NA,NA,NA,N
0,420,NA,NA,NA,NA,NA,NA,NA,N
0,421,NA,NA,NA,NA,NA,NA,NA,N
0,422,NA,NA,NA,NA,NA,NA,NA,N
0,423,NA,NA,NA,NA,NA,NA,NA,N
0,424,NA,NA,NA,NA,NA,NA,NA,N
0,425,NA,NA,NA,NA,NA,NA,NA,N
0,426,NA,NA,NA,NA,NA,NA,NA,F
0,427,NA,NA,NA,NA,NA,NA,NA,N
0,428,NA,NA,NA,NA,NA,NA,NA,N
0,429,NA,NA,NA,NA,NA,NA,NA,N
0,430,NA,NA,NA,NA,NA,NA,NA,N
0,431,NA,NA,NA,NA,NA,NA,NA,N
0,432,NA,NA,NA,NA,NA,NA,NA,N
0,433,NA,NA,NA,NA,NA,NA,NA,N
0,434,NA,NA,NA,NA,NA,NA,NA,N
0,435,NA,NA,NA,NA,NA,NA,NA,N
0,436,NA,NA,NA,NA,NA,NA,NA,N
0,437,NA,NA,NA,NA,NA,NA,NA,N
0,438,NA,NA,NA,NA,NA,NA,NA,N
0,439,NA,NA,NA,NA,NA,NA,NA,N
0,440,NA,NA,NA,NA,NA,NA,NA,N
0,441,NA,NA,NA,NA,NA,NA,NA,N
0,442,NA,NA,NA,NA,NA,NA,NA,N
0,443,NA,NA,NA,NA,NA,NA,NA,N
0,444,NA,NA,NA,NA,NA,NA,NA,N
0,445,NA,NA,NA,NA,NA,NA,NA,F
0,446,NA,NA,NA,NA,NA,NA,NA,F
0,447,NA,NA,NA,NA,NA,NA,NA,N
0,448,NA,NA,NA,NA,NA,NA,NA,N
0,449,NA,NA,NA,NA,NA,NA,NA,F
0,450,NA,NA,NA,NA,NA,NA,NA,N
0,451,NA,NA,NA,NA,NA,NA,NA,N
0,452,NA,NA,NA,NA,NA,NA,NA,F
0,453,NA,NA,NA,NA,NA,NA,NA,N
0,454,NA,NA,NA,NA,NA,NA,NA,N
0,455,NA,NA,NA,NA,NA,NA,NA,N
0,456,NA,NA,NA,NA,NA,NA,NA,N
0,457,NA,NA,NA,NA,NA,NA,NA,N
0,458,NA,NA,NA,NA,NA,NA,NA,N
0,459,NA,NA,NA,NA,NA,NA,NA,F
0,460,NA,NA,NA,NA,NA,NA,NA,F
0,461,NA,NA,NA,NA,NA,NA,NA,N
0,462,NA,NA,NA,NA,NA,NA,NA,N
0,463,NA,NA,NA,NA,NA,NA,NA,N
0,464,NA,NA,NA,NA,NA,NA,NA,N
0,465,NA,NA,NA,NA,NA,NA,NA,F
0,466,NA,NA,NA,NA,NA,NA,NA,N
0,467,NA,NA,NA,NA,NA,NA,NA,N
0,468,NA,NA,NA,NA,NA,NA,NA,N
0,469,NA,NA,NA,NA,NA,NA,NA,N
0,470,NA,NA,NA,NA,NA,NA,NA,N
0,471,NA,NA,NA,NA,NA,NA,NA,N
0,472,NA,NA,NA,NA,NA,NA,NA,N
0,473,NA,NA,NA,NA,NA,NA,NA,N
0,474,NA,NA,NA,NA,NA,NA,NA,N
0,475,NA,NA,NA,NA,NA,NA,NA,N
0,476,NA,NA,NA,NA,NA,NA,NA,N
0,477,NA,NA,NA,NA,NA,NA,NA,N
0,478,NA,NA,NA,NA,NA,NA,NA,N
0,479,NA,NA,NA,NA,NA,NA,NA,N
0,480,NA,NA,NA,NA,NA,NA,NA,N
0,481,NA,NA,NA,NA,NA,NA,NA,N
0,482,NA,NA,NA,NA,NA,NA,NA,N
0,483,NA,NA,NA,NA,NA,NA,NA,N
0,484,NA,NA,NA,NA,NA,NA,NA,N
0,485,NA,NA,NA,NA,NA,NA,NA,N
0,486,NA,NA,NA,NA,NA,NA,NA,N
0,487,2065453807.273254,18.14503355587566,2.3684537895051636,17.73850508268882,475.0734965252124,273.8500645532506,-68.16918269148461,Y
0,488,73648537.2721421,16.256887981690756,16.9458285701566,14.495738959433483,275.60448590044837,274.4171489913797,-46.812961758077726,Y
0,489,NA,NA,NA,NA,NA,NA,NA,N
0,490,NA,NA,NA,NA,NA,NA,NA,N
0,491,NA,NA,NA,NA,NA,NA,NA,N
0,492,0.1733727530440459,0.1358805227717085,16.994342831590757,0.0003513547859590196,308.4765656465705,493.98308627584674,-50.00017619879966,Y
0,493,277.10683697458416,7.032177802403501,38.305532019240346,6.95209386982363,301.5749772169095,276.1284700993988,-48.81225740998388,Y
0,494,2.7429176286351846,5.281885117525021,5.307717733241593,1.5739024848110033,279.17562555011085,466.97969159909746,-40.469750984043145,Y
0,495,8206590446.682564,19.18888091240089,11.535584551274297,19.099362791335228,314.8022985744129,274.3383572128672,-49.621259636227954,Y
0,496,NA,NA,NA,NA,NA,NA,NA,N
0,497,NA,NA,NA,NA,NA,NA,NA,N
0,498,NA,NA,NA,NA,NA,NA,NA,N
0,499,30.473627272163277,4.337200522015679,6.03918723105254,4.292857615170089,282.7351150362505,275.62537058572553,-29.106886913539526,Y
0,500,NA,NA,NA,NA,NA,NA,NA,F
0,501,NA,NA,NA,NA,NA,NA,NA,N
0,502,NA,NA,NA,NA,NA,NA,NA,N
0,503,NA,NA,NA,NA,NA,NA,NA,F
0,504,NA,NA,NA,NA,NA,NA,NA,N
0,505,NA,NA,NA,NA,NA,NA,NA,F
0,506,NA,NA,NA,NA,NA,NA,NA,F
0,507,NA,NA,NA,NA,NA,NA,NA,F
0,508,NA,NA,NA,NA,NA,NA,NA,N
0,509,NA,NA,NA,NA,NA,NA,NA,N
0,510,NA,NA,NA,NA,NA,NA,NA,N
0,511,NA,NA,NA,NA,NA,NA,NA,N
0,512,35.99962022561814,1.8464501585947442,-2.218095800575833,1.8678096711253482,52.01586992047811,280.03528485651134,11.123882063192472,Y
0,513,761.5857916780643,3.128263500262996,2.4007844477678004,3.6134137009835086,272.42872946028945,278.8747585558069,-19.1287710563467,Y
0,514,NA,NA,NA,NA,NA,NA,NA,N
0,515,NA,NA,NA,NA,NA,NA,NA,N
0,516,NA,NA,NA,NA,NA,NA,NA,F
0,517,NA,NA,NA,NA,NA,NA,NA,F
0,518,NA,NA,NA,NA,NA,NA,NA,F
0,519,12197252235.562363,9.653121911209023,8.298164965403114,9.781380309775606,267.9537274182668,269.3757596627981,-17.370239781856586,Y
0,520,NA,NA,NA,NA,NA,NA,NA,N
0,521,NA,NA,NA,NA,NA,NA,NA,N
0,522,NA,NA,NA,NA,NA,NA,NA,N
0,523,NA,NA,NA,NA,NA,NA,NA,N
0,524,NA,NA,NA,NA,NA,NA,NA,N
0,525,NA,NA,NA,NA,NA,NA,NA,N
0,526,NA,NA,NA,NA,NA,NA,NA,N
0,527,NA,NA,NA,NA,NA,NA,NA,N
0,528,NA,NA,NA,NA,NA,NA,NA,N
0,529,NA,NA,NA,NA,NA,NA,NA,N
0,530,NA,NA,NA,NA,NA,NA,NA,F
0,531,NA,NA,NA,NA,NA,NA,NA,N
0,532,NA,NA,NA,NA,NA,NA,NA,N
0,533,NA,NA,NA,NA,NA,NA,NA,N
0,534,NA,NA,NA,NA,NA,NA,NA,F
0,535,NA,NA,NA,NA,NA,NA,NA,N
0,536,NA,NA,NA,NA,NA,NA,NA,N
0,537,NA,NA,NA,NA,NA,NA,NA,N
0,538,NA,NA,NA,NA,NA,NA,NA,F
0,539,NA,NA,NA,NA,NA,NA,NA,F
0,540,NA,NA,NA,NA,NA,NA,NA,F
0,541,NA,NA,NA,NA,NA,NA,NA,F
0,542,NA,NA,NA,NA,NA,NA,NA,F
0,543,NA,NA,NA,NA,NA,NA,NA,F
0,544,NA,NA,NA,NA,NA,NA,NA,F
0,545,NA,NA,NA,NA,NA,NA,NA,F
0,546,NA,NA,NA,NA,NA,NA,NA,F
0,547,NA,NA,NA,NA,NA,NA,NA,F
0,548,NA,NA,NA,NA,NA,NA,NA,F
0,549,NA,NA,NA,NA,NA,NA,NA,F
0,550,NA,NA,NA,NA,NA,NA,NA,F
0,551,NA,NA,NA,NA,NA,NA,NA,F
0,552,NA,NA,NA,NA,NA,NA,NA,F
0,553,NA,NA,NA,NA,NA,NA,NA,F
0,554,NA,NA,NA,NA,NA,NA,NA,F
0,555,NA,NA,NA,NA,NA,NA,NA,F
0,556,NA,NA,NA,NA,NA,NA,NA,F
0,557,NA,NA,NA,NA,NA,NA,NA,F
0,558,NA,NA,NA,NA,NA,NA,NA,N
0,559,NA,NA,NA,NA,NA,NA,NA,N
0,560,NA,NA,NA,NA,NA,NA,NA,N
0,561,NA,NA,NA,NA,NA,NA,NA,N
0,562,NA,NA,NA,NA,NA,NA,NA,N
0,563,NA,NA,NA,NA,NA,NA,NA,F
0,564,NA,NA,NA,NA,NA,NA,NA,N
0,565,NA,NA,NA,NA,NA,NA,NA,N
0,566,68937.88581585545,14.07965475380419,15.153105400524742,13.671633538756739,280.1124645388076,278.0180863067719,-61.241033974178066,Y
0,567,NA,NA,NA,NA,NA,NA,NA,N
0,568,NA,NA,NA,NA,NA,NA,NA,N
0,569,NA,NA,NA,NA,NA,NA,NA,N
0,570,NA,NA,NA,NA,NA,NA,NA,N
0,571,NA,NA,NA,NA,NA,NA,NA,F
0,572,NA,NA,NA,NA,NA,NA,NA,F
0,573,NA,NA,NA,NA,NA,NA,NA,F
0,574,NA,NA,NA,NA,NA,NA,NA,F
0,575,NA,NA,NA,NA,NA,NA,NA,F
0,576,NA,NA,NA,NA,NA,NA,NA,F
0,577,NA,NA,NA,NA,NA,NA,NA,F
0,578,NA,NA,NA,NA,NA,NA,NA,F
0,579,NA,NA,NA,NA,NA,NA,NA,F
0,580,NA,NA,NA,NA,NA,NA,NA,F
0,581,NA,NA,NA,NA,NA,NA,NA,F
0,582,NA,NA,NA,NA,NA,NA,NA,F
0,583,NA,NA,NA,NA,NA,NA,NA,F
0,584,NA,NA,NA,NA,NA,NA,NA,F
0,585,NA,NA,NA,NA,NA,NA,NA,F
0,586,NA,NA,NA,NA,NA,NA,NA,N
0,587,NA,NA,NA,NA,NA,NA,NA,N
0,588,NA,NA,NA,NA,NA,NA,NA,N
0,589,NA,NA,NA,NA,NA,NA,NA,N
0,590,NA,NA,NA,NA,NA,NA,NA,N
0,591,NA,NA,NA,NA,NA,NA,NA,N
0,592,NA,NA,NA,NA,NA,NA,NA,N
0,593,NA,NA,NA,NA,NA,NA,NA,N
0,594,NA,NA,NA,NA,NA,NA,NA,N
0,595,NA,NA,NA,NA,NA,NA,NA,N
0,596,NA,NA,NA,NA,NA,NA,NA,N
0,597,NA,NA,NA,NA,NA,NA,NA,N
0,598,NA,NA,NA,NA,NA,NA,NA,N
0,599,NA,NA,NA,NA,NA,NA,NA,N
0,600,4.772307549745829,0.42599113746529044,2.496814475519929,-6.77189191667808e-05,322.1734331227162,269.1138235730211,0.9145047580545853,Y
0,601,5.0056326026768305,0.40043029059521296,3.3873735776815876,-8.172888361789913e-05,323.2516753942151,342.23969350357737,-13.60801633365801,Y
0,602,NA,NA,NA,NA,NA,NA,NA,N
0,603,NA,NA,NA,NA,NA,NA,NA,N
0,604,NA,NA,NA,NA,NA,NA,NA,N
0,605,NA,NA,NA,NA,NA,NA,NA,N
0,606,NA,NA,NA,NA,NA,NA,NA,N
0,607,NA,NA,NA,NA,NA,NA,NA,N
0,608,NA,NA,NA,NA,NA,NA,NA,N
0,609,NA,NA,NA,NA,NA,NA,NA,N
0,610,72.61108995436811,1.915273793470548,3.1419931709299354,1.685671302645809,287.40778831428486,274.9957318389913,-30.1574678449048,Y
0,611,NA,NA,NA,NA,NA,NA,NA,N
0,612,7.471597376669598,0.32283257864153236,1.547227445941162,-19.38561786826373,301.65151809927386,277.54848703421794,-11.998045178288162,Y
0,613,NA,NA,NA,NA,NA,NA,NA,N
0,614,NA,NA,NA,NA,NA,NA,NA,N
0,615,7.0905087058925185,0.24844551739799645,1.5839404461725015,-3.3426538990383525,303.2856006873837,276.01831506136165,-7.895395734206499,Y
0,616,NA,NA,NA,NA,NA,NA,NA,N
0,617,NA,NA,NA,NA,NA,NA,NA,N
0,618,NA,NA,NA,NA,NA,NA,NA,N
0,619,NA,NA,NA,NA,NA,NA,NA,N
0,620,NA,NA,NA,NA,NA,NA,NA,N
0,621,36.73338662338523,3.730885009554342,23.097016166774544,3.2002449300960243,304.55953678953983,275.0933012695642,-42.93561709344769,Y
0,622,NA,NA,NA,NA,NA,NA,NA,N
0,623,NA,NA,NA,NA,NA,NA,NA,N
0,624,NA,NA,NA,NA,NA,NA,NA,N
0,625,NA,NA,NA,NA,NA,NA,NA,N
0,626,NA,NA,NA,NA,NA,NA,NA,N
0,627,NA,NA,NA,NA,NA,NA,NA,F
0,628,NA,NA,NA,NA,NA,NA,NA,N
0,629,NA,NA,NA,NA,NA,NA,NA,N
0,630,NA,NA,NA,NA,NA,NA,NA,N
0,631,90217.83318879454,19.972055661167218,24.187548651438625,19.759690615019508,283.0101767472922,278.91627704681974,-30.129515638017516,Y
0,632,0.7280652903687214,1.8064504506131465,28.116430307852966,2.043272336122943,301.9084771723669,285.09062146101905,-70.8442029620294,Y
0,633,NA,NA,NA,NA,NA,NA,NA,F
0,634,NA,NA,NA,NA,NA,NA,NA,N
0,635,NA,NA,NA,NA,NA,NA,NA,F
0,636,NA,NA,NA,NA,NA,NA,NA,N
0,637,NA,NA,NA,NA,NA,NA,NA,N
0,638,NA,NA,NA,NA,NA,NA,NA,N
0,639,NA,NA,NA,NA,NA,NA,NA,N
0,640,NA,NA,NA,NA,NA,NA,NA,N
0,641,NA,NA,NA,NA,NA,NA,NA,N
0,642,NA,NA,NA,NA,NA,NA,NA,N
0,643,NA,NA,NA,NA,NA,NA,NA,N
0,644,NA,NA,NA,NA,NA,NA,NA,N
0,645,NA,NA,NA,NA,NA,NA,NA,N
0,646,NA,NA,NA,NA,NA,NA,NA,N
0,647,NA,NA,NA,NA,NA,NA,NA,N
0,648,NA,NA,NA,NA,NA,NA,NA,F
0,649,NA,NA,NA,NA,NA,NA,NA,F
0,650,NA,NA,NA,NA,NA,NA,NA,F
0,651,NA,NA,NA,NA,NA,NA,NA,F
0,652,NA,NA,NA,NA,NA,NA,NA,N
0,653,NA,NA,NA,NA,NA,NA,NA,N
0,654,NA,NA,NA,NA,NA,NA,NA,N
0,655,NA,NA,NA,NA,NA,NA,NA,N
0,656,NA,NA,NA,NA,NA,NA,NA,N
0,657,NA,NA,NA,NA,NA,NA,NA,N
0,658,NA,NA,NA,NA,NA,NA,NA,N
0,659,NA,NA,NA,NA,NA,NA,NA,N
0,660,NA,NA,NA,NA,NA,NA,NA,N
0,661,NA,NA,NA,NA,NA,NA,NA,N
0,662,NA,NA,NA,NA,NA,NA,NA,N
0,663,NA,NA,NA,NA,NA,NA,NA,F
0,664,NA,NA,NA,NA,NA,NA,NA,F
0,665,NA,NA,NA,NA,NA,NA,NA,N
0,666,139.45037376601556,1.5664575189250953,1.5770538688835838,1.084418817475215,281.16516401882524,592.8941956461822,-3.2925368166493616,Y
0,667,NA,NA,NA,NA,NA,NA,NA,F
0,668,NA,NA,NA,NA,NA,NA,NA,F
0,669,NA,NA,NA,NA,NA,NA,NA,N
0,670,11.872094783556403,0.24816473535556063,7.8672631136955635,8.366074810179188e-05,332.4847222431045,284.0686828172171,-2.860761419317182,Y
0,671,NA,NA,NA,NA,NA,NA,NA,F
0,672,NA,NA,NA,NA,NA,NA,NA,F
0,673,NA,NA,NA,NA,NA,NA,NA,F
0,674,NA,NA,NA,NA,NA,NA,NA,F
0,675,NA,NA,NA,NA,NA,NA,NA,F
0,676,NA,NA,NA,NA,NA,NA,NA,N
0,677,1.112370260888895,-0.1797687636928913,-0.00030563277756185677,1.1361252878908368,331.18321502539993,387.5009146102408,-48.475403898010526,Y
0,678,NA,NA,NA,NA,NA,NA,NA,N
0,679,NA,NA,NA,NA,NA,NA,NA,N
0,680,NA,NA,NA,NA,NA,NA,NA,N
0,681,NA,NA,NA,NA,NA,NA,NA,N
0,682,NA,NA,NA,NA,NA,NA,NA,N
0,683,NA,NA,NA,NA,NA,NA,NA,N
0,684,NA,NA,NA,NA,NA,NA,NA,N
0,685,NA,NA,NA,NA,NA,NA,NA,N
0,686,NA,NA,NA,NA,NA,NA,NA,N
0,687,NA,NA,NA,NA,NA,NA,NA,N
0,688,NA,NA,NA,NA,NA,NA,NA,N
0,689,NA,NA,NA,NA,NA,NA,NA,N
0,690,NA,NA,NA,NA,NA,NA,NA,N
0,691,NA,NA,NA,NA,NA,NA,NA,N
0,692,17.085995142631962,-0.023516830169006703,10.728604926525668,-0.003060228026742231,317.983360322979,34.88475074592352,-0.551467092833164,Y
0,693,NA,NA,NA,NA,NA,NA,NA,N
0,694,NA,NA,NA,NA,NA,NA,NA,N
0,695,NA,NA,NA,NA,NA,NA,NA,N
0,696,NA,NA,NA,NA,NA,NA,NA,N
0,697,NA,NA,NA,NA,NA,NA,NA,N
0,698,NA,NA,NA,NA,NA,NA,NA,F
0,699,NA,NA,NA,NA,NA,NA,NA,F
0,700,NA,NA,NA,NA,NA,NA,NA,N
0,701,NA,NA,NA,NA,NA,NA,NA,N
0,702,NA,NA,NA,NA,NA,NA,NA,N
0,703,NA,NA,NA,NA,NA,NA,NA,N
0,704,NA,NA,NA,NA,NA,NA,NA,N
0,705,NA,NA,NA,NA,NA,NA,NA,N
0,706,NA,NA,NA,NA,NA,NA,NA,N
0,707,NA,NA,NA,NA,NA,NA,NA,N
0,708,NA,NA,NA,NA,NA,NA,NA,N
0,709,NA,NA,NA,NA,NA,NA,NA,N
0,710,NA,NA,NA,NA,NA,NA,NA,N
0,711,NA,NA,NA,NA,NA,NA,NA,N
0,712,NA,NA,NA,NA,NA,NA,NA,N
0,713,NA,NA,NA,NA,NA,NA,NA,F
0,714,NA,NA,NA,NA,NA,NA,NA,F
0,715,NA,NA,NA,NA,NA,NA,NA,N
0,716,NA,NA,NA,NA,NA,NA,NA,F
0,717,NA,NA,NA,NA,NA,NA,NA,F
0,718,NA,NA,NA,NA,NA,NA,NA,N
0,719,NA,NA,NA,NA,NA,NA,NA,N
0,720,NA,NA,NA,NA,NA,NA,NA,N
0,721,NA,NA,NA,NA,NA,NA,NA,N
0,722,NA,NA,NA,NA,NA,NA,NA,N
0,723,NA,NA,NA,NA,NA,NA,NA,N
0,724,NA,NA,NA,NA,NA,NA,NA,N
0,725,NA,NA,NA,NA,NA,NA,NA,N
0,726,NA,NA,NA,NA,NA,NA,NA,F
0,727,NA,NA,NA,NA,NA,NA,NA,N
0,728,NA,NA,NA,NA,NA,NA,NA,N
0,729,1.3152203840695251,0.3817099229190009,0.0011427318866782997,0.0009291648355315956,349.9042681024197,322.3487965914155,-2.053317903940737,Y
0,730,NA,NA,NA,NA,NA,NA,NA,N
0,731,9.867493960028007,6.0906532421857404,7.077173420298136,5.691107784556562,285.9493491618021,282.35149349028256,-31.782365864487687,Y
0,732,NA,NA,NA,NA,NA,NA,NA,N
0,733,NA,NA,NA,NA,NA,NA,NA,N
0,734,NA,NA,NA,NA,NA,NA,NA,N
0,735,NA,NA,NA,NA,NA,NA,NA,N
0,736,NA,NA,NA,NA,NA,NA,NA,F
0,737,NA,NA,NA,NA,NA,NA,NA,F
0,738,NA,NA,NA,NA,NA,NA,NA,F
0,739,NA,NA,NA,NA,NA,NA,NA,F
0,740,NA,NA,NA,NA,NA,NA,NA,N
0,741,NA,NA,NA,NA,NA,NA,NA,F
0,742,NA,NA,NA,NA,NA,NA,NA,N
0,743,NA,NA,NA,NA,NA,NA,NA,N
0,744,NA,NA,NA,NA,NA,NA,NA,N
0,745,NA,NA,NA,NA,NA,NA,NA,N
0,746,NA,NA,NA,NA,NA,NA,NA,N
0,747,NA,NA,NA,NA,NA,NA,NA,N
0,748,NA,NA,NA,NA,NA,NA,NA,N
0,749,NA,NA,NA,NA,NA,NA,NA,N
0,750,NA,NA,NA,NA,NA,NA,NA,N
0,751,NA,NA,NA,NA,NA,NA,NA,N
0,752,NA,NA,NA,NA,NA,NA,NA,N
0,753,NA,NA,NA,NA,NA,NA,NA,N
0,754,NA,NA,NA,NA,NA,NA,NA,N
0,755,NA,NA,NA,NA,NA,NA,NA,N
0,756,NA,NA,NA,NA,NA,NA,NA,N
0,757,NA,NA,NA,NA,NA,NA,NA,N
0,758,NA,NA,NA,NA,NA,NA,NA,N
0,759,NA,NA,NA,NA,NA,NA,NA,N
0,760,NA,NA,NA,NA,NA,NA,NA,N
0,761,NA,NA,NA,NA,NA,NA,NA,N
0,762,NA,NA,NA,NA,NA,NA,NA,N
0,763,NA,NA,NA,NA,NA,NA,NA,N
0,764,NA,NA,NA,NA,NA,NA,NA,N
0,765,NA,NA,NA,NA,NA,NA,NA,N
0,766,NA,NA,NA,NA,NA,NA,NA,N
0,767,NA,NA,NA,NA,NA,NA,NA,F
0,768,NA,NA,NA,NA,NA,NA,NA,N
0,769,NA,NA,NA,NA,NA,NA,NA,N
0,770,NA,NA,NA,NA,NA,NA,NA,N
0,771,NA,NA,NA,NA,NA,NA,NA,N
0,772,NA,NA,NA,NA,NA,NA,NA,F
0,773,NA,NA,NA,NA,NA,NA,NA,F
0,774,NA,NA,NA,NA,NA,NA,NA,F
0,775,NA,NA,NA,NA,NA,NA,NA,F
0,776,NA,NA,NA,NA,NA,NA,NA,F
0,777,NA,NA,NA,NA,NA,NA,NA,F
0,778,NA,NA,NA,NA,NA,NA,NA,F
0,779,NA,NA,NA,NA,NA,NA,NA,F
0,780,NA,NA,NA,NA,NA,NA,NA,F
0,781,NA,NA,NA,NA,NA,NA,NA,F
0,782,NA,NA,NA,NA,NA,NA,NA,F
0,783,NA,NA,NA,NA,NA,NA,NA,F
0,784,NA,NA,NA,NA,NA,NA,NA,N
0,785,NA,NA,NA,NA,NA,NA,NA,N
0,786,NA,NA,NA,NA,NA,NA,NA,N
0,787,NA,NA,NA,NA,NA,NA,NA,N
0,788,NA,NA,NA,NA,NA,NA,NA,F
0,789,NA,NA,NA,NA,NA,NA,NA,F
0,790,NA,NA,NA,NA,NA,NA,NA,F
0,791,NA,NA,NA,NA,NA,NA,NA,F
0,792,NA,NA,NA,NA,NA,NA,NA,F
0,793,NA,NA,NA,NA,NA,NA,NA,F
0,794,NA,NA,NA,NA,NA,NA,NA,N
0,795,NA,NA,NA,NA,NA,NA,NA,N
0,796,27119.121102165933,-1.3715836732189401,-2.457188299461455,-3.6473374822188656,318.68663875127316,256.86470488101503,14.230751554779014,Y
0,797,NA,NA,NA,NA,NA,NA,NA,N
0,798,NA,NA,NA,NA,NA,NA,NA,F
0,799,4.360254268766581,0.5746581714638995,3.7728841472023804,0.00013146235632141128,360.4625215054806,293.7197560830272,12.769958079880421,Y
0,800,NA,NA,NA,NA,NA,NA,NA,N
0,801,NA,NA,NA,NA,NA,NA,NA,F
0,802,NA,NA,NA,NA,NA,NA,NA,N
0,803,NA,NA,NA,NA,NA,NA,NA,F
0,804,NA,NA,NA,NA,NA,NA,NA,N
0,805,48.37547180543822,-0.08794325912650858,3.3161541260917153,1.2409624577894198,563.3630238692656,-1578.0050754405984,34.97110221527872,Y
0,806,NA,NA,NA,NA,NA,NA,NA,N
0,807,NA,NA,NA,NA,NA,NA,NA,N
0,808,NA,NA,NA,NA,NA,NA,NA,N
0,809,NA,NA,NA,NA,NA,NA,NA,N
0,810,NA,NA,NA,NA,NA,NA,NA,N
0,811,NA,NA,NA,NA,NA,NA,NA,N
0,812,19.76652763327202,1.88882258470789,19.11081911692631,1.6107554963104265,311.1499181507837,282.2269139697714,-19.85237481767666,Y
0,813,292353.80048214825,13.622346369869364,14.798483732349824,13.39315018445108,281.6052929726069,278.5078092212099,3.627223774313034,Y
0,814,NA,NA,NA,NA,NA,NA,NA,N
0,815,NA,NA,NA,NA,NA,NA,NA,N
0,816,NA,NA,NA,NA,NA,NA,NA,N
0,817,NA,NA,NA,NA,NA,NA,NA,N
0,818,NA,NA,NA,NA,NA,NA,NA,N
0,819,NA,NA,NA,NA,NA,NA,NA,N
0,820,NA,NA,NA,NA,NA,NA,NA,N
0,821,NA,NA,NA,NA,NA,NA,NA,N
0,822,NA,NA,NA,NA,NA,NA,NA,N
0,823,NA,NA,NA,NA,NA,NA,NA,N
0,824,NA,NA,NA,NA,NA,NA,NA,N
0,825,NA,NA,NA,NA,NA,NA,NA,N
0,826,NA,NA,NA,NA,NA,NA,NA,N
0,827,NA,NA,NA,NA,NA,NA,NA,N
0,828,NA,NA,NA,NA,NA,NA,NA,N
0,829,NA,NA,NA,NA,NA,NA,NA,N
0,830,NA,NA,NA,NA,NA,NA,NA,N
0,831,1867349.1486801123,12.287987088962414,17.590391961343794,12.150828633200012,287.35430216690423,277.64075129184533,20.907168418832235,Y
0,832,NA,NA,NA,NA,NA,NA,NA,F
0,833,NA,NA,NA,NA,NA,NA,NA,N
0,834,269486.17053330876,11.809114239979715,43.03786881949492,11.636338563070215,302.91235889524063,278.2795530251069,17.622289740207513,Y
0,835,82.41222499313822,0.06096161240021727,14.590074869136028,-9.781098933476759e-06,312.16022657679775,358.53968209515796,26.57408640849642,Y
0,836,127632.38376901882,15.57347940620115,14.977468568337375,16.213638249094416,279.0954850677297,280.9925481998419,-14.989118721819583,Y
0,837,NA,NA,NA,NA,NA,NA,NA,N
0,838,NA,NA,NA,NA,NA,NA,NA,N
0,839,NA,NA,NA,NA,NA,NA,NA,N
0,840,NA,NA,NA,NA,NA,NA,NA,N
0,841,NA,NA,NA,NA,NA,NA,NA,N
0,842,122.20268871028492,1.5020415759745056,1.2801360076199977,-16.047580652505946,276.05962291555124,280.11554396034,12.490382531158696,Y
0,843,264.71364958333703,6.82624516404388,10.19010346947008,6.75660763626817,290.75081684761136,277.8425470327818,-49.59522998902064,Y
0,844,NA,NA,NA,NA,NA,NA,NA,N
0,845,0.7421960161879039,0.3900598431403326,0.00018600154678903737,2.7379330642372812,289.95534137355014,311.95256869275545,-33.393726726004196,Y
0,846,NA,NA,NA,NA,NA,NA,NA,N
0,847,5085.282467337684,12.244801728659409,13.122669648871106,11.929098740951444,280.24746680740935,277.9482042598363,-34.47499029736609,Y
0,848,NA,NA,NA,NA,NA,NA,NA,N
0,849,NA,NA,NA,NA,NA,NA,NA,N
0,850,NA,NA,NA,NA,NA,NA,NA,N
0,851,NA,NA,NA,NA,NA,NA,NA,N
0,852,NA,NA,NA,NA,NA,NA,NA,N
0,853,NA,NA,NA,NA,NA,NA,NA,N
0,854,NA,NA,NA,NA,NA,NA,NA,N
0,855,NA,NA,NA,NA,NA,NA,NA,N
0,856,NA,NA,NA,NA,NA,NA,NA,N
0,857,NA,NA,NA,NA,NA,NA,NA,N
0,858,NA,NA,NA,NA,NA,NA,NA,N
0,859,NA,NA,NA,NA,NA,NA,NA,N
0,860,NA,NA,NA,NA,NA,NA,NA,N
0,861,NA,NA,NA,NA,NA,NA,NA,N
0,862,NA,NA,NA,NA,NA,NA,NA,F
0,863,NA,NA,NA,NA,NA,NA,NA,N
0,864,NA,NA,NA,NA,NA,NA,NA,N
0,865,NA,NA,NA,NA,NA,NA,NA,N
0,866,NA,NA,NA,NA,NA,NA,NA,N
0,867,NA,NA,NA,NA,NA,NA,NA,N
0,868,NA,NA,NA,NA,NA,NA,NA,N
0,869,NA,NA,NA,NA,NA,NA,NA,F
0,870,NA,NA,NA,NA,NA,NA,NA,N
0,871,NA,NA,NA,NA,NA,NA,NA,N
0,872,NA,NA,NA,NA,NA,NA,NA,N
0,873,NA,NA,NA,NA,NA,NA,NA,N
0,874,NA,NA,NA,NA,NA,NA,NA,N
0,875,NA,NA,NA,NA,NA,NA,NA,N
0,876,NA,NA,NA,NA,NA,NA,NA,N
0,877,NA,NA,NA,NA,NA,NA,NA,N
0,878,NA,NA,NA,NA,NA,NA,NA,N
0,879,NA,NA,NA,NA,NA,NA,NA,N
0,880,NA,NA,NA,NA,NA,NA,NA,N
0,881,NA,NA,NA,NA,NA,NA,NA,N
0,882,20888.449027792114,-1.160154893822721,6.128567440270723,-1.7619441544719152,478.69194033565554,326.8349010306861,-2.386677636624851,Y
0,883,NA,NA,NA,NA,NA,NA,NA,N
0,884,NA,NA,NA,NA,NA,NA,NA,N
0,885,NA,NA,NA,NA,NA,NA,NA,N
0,886,NA,NA,NA,NA,NA,NA,NA,N
0,887,NA,NA,NA,NA,NA,NA,NA,N
0,888,NA,NA,NA,NA,NA,NA,NA,N
0,889,NA,NA,NA,NA,NA,NA,NA,N
0,890,NA,NA,NA,NA,NA,NA,NA,N
0,891,NA,NA,NA,NA,NA,NA,NA,N
0,892,NA,NA,NA,NA,NA,NA,NA,N
0,893,NA,NA,NA,NA,NA,NA,NA,N
0,894,NA,NA,NA,NA,NA,NA,NA,N
0,895,NA,NA,NA,NA,NA,NA,NA,F
0,896,NA,NA,NA,NA,NA,NA,NA,F
0,897,NA,NA,NA,NA,NA,NA,NA,F
0,898,NA,NA,NA,NA,NA,NA,NA,F
0,899,NA,NA,NA,NA,NA,NA,NA,F
0,900,NA,NA,NA,NA,NA,NA,NA,F
0,901,NA,NA,NA,NA,NA,NA,NA,N
0,902,NA,NA,NA,NA,NA,NA,NA,N
0,903,NA,NA,NA,NA,NA,NA,NA,N
0,904,NA,NA,NA,NA,NA,NA,NA,N
0,905,NA,NA,NA,NA,NA,NA,NA,F
0,906,NA,NA,NA,NA,NA,NA,NA,N
0,907,NA,NA,NA,NA,NA,NA,NA,F
0,908,NA,NA,NA,NA,NA,NA,NA,F
0,909,NA,NA,NA,NA,NA,NA,NA,F
0,910,NA,NA,NA,NA,NA,NA,NA,F
0,911,NA,NA,NA,NA,NA,NA,NA,F
0,912,NA,NA,NA,NA,NA,NA,NA,F
0,913,NA,NA,NA,NA,NA,NA,NA,F
0,914,NA,NA,NA,NA,NA,NA,NA,F
0,915,NA,NA,NA,NA,NA,NA,NA,F
0,916,NA,NA,NA,NA,NA,NA,NA,F
0,917,NA,NA,NA,NA,NA,NA,NA,F
0,918,NA,NA,NA,NA,NA,NA,NA,F
0,919,NA,NA,NA,NA,NA,NA,NA,F
0,920,NA,NA,NA,NA,NA,NA,NA,F
0,921,15.32783800429825,0.4282980958868179,5.756755036068071,3.865375046487743,350.7958980442361,303.5936759876038,26.068701664823692,Y
0,922,NA,NA,NA,NA,NA,NA,NA,N
0,923,NA,NA,NA,NA,NA,NA,NA,N
0,924,NA,NA,NA,NA,NA,NA,NA,N
0,925,NA,NA,NA,NA,NA,NA,NA,N
0,926,NA,NA,NA,NA,NA,NA,NA,N
0,927,NA,NA,NA,NA,NA,NA,NA,N
0,928,NA,NA,NA,NA,NA,NA,NA,N
0,929,NA,NA,NA,NA,NA,NA,NA,N
0,930,NA,NA,NA,NA,NA,NA,NA,N
0,931,NA,NA,NA,NA,NA,NA,NA,N
0,932,NA,NA,NA,NA,NA,NA,NA,N
0,933,NA,NA,NA,NA,NA,NA,NA,N
0,934,NA,NA,NA,NA,NA,NA,NA,N
0,935,NA,NA,NA,NA,NA,NA,NA,N
0,936,NA,NA,NA,NA,NA,NA,NA,N
0,937,NA,NA,NA,NA,NA,NA,NA,N
0,938,NA,NA,NA,NA,NA,NA,NA,N
0,939,NA,NA,NA,NA,NA,NA,NA,N
0,940,4.470416527785553,-4.439811593171277,-6.019411286746118,-3.3695192367468643,285.9385522075959,220.12002644830227,-1183.363217828809,Y
0,941,NA,NA,NA,NA,NA,NA,NA,N
0,942,NA,NA,NA,NA,NA,NA,NA,N
0,943,NA,NA,NA,NA,NA,NA,NA,N
0,944,NA,NA,NA,NA,NA,NA,NA,N
0,945,241016792.01995718,9.46337561825357,-20.90360885214765,8.658935210385433,214.80228912238942,268.12210763701,-1122.724773675665,Y
0,946,NA,NA,NA,NA,NA,NA,NA,N
0,947,NA,NA,NA,NA,NA,NA,NA,N
0,948,NA,NA,NA,NA,NA,NA,NA,N
0,949,NA,NA,NA,NA,NA,NA,NA,N
0,950,44.80102102443985,3.3440841885385515,4.9152440593826405,2.9076021238674676,289.97660124261677,280.2290378566912,16.493211925462436,Y
0,951,NA,NA,NA,NA,NA,NA,NA,N
0,952,NA,NA,NA,NA,NA,NA,NA,N
0,953,NA,NA,NA,NA,NA,NA,NA,N
0,954,NA,NA,NA,NA,NA,NA,NA,F
0,955,NA,NA,NA,NA,NA,NA,NA,F
0,956,NA,NA,NA,NA,NA,NA,NA,F
0,957,NA,NA,NA,NA,NA,NA,NA,F
0,958,NA,NA,NA,NA,NA,NA,NA,F
0,959,NA,NA,NA,NA,NA,NA,NA,F
0,960,NA,NA,NA,NA,NA,NA,NA,F
0,961,NA,NA,NA,NA,NA,NA,NA,F
0,962,NA,NA,NA,NA,NA,NA,NA,N
0,963,33.911677240983,2.492320689114553,1.981135840333998,1.9811086070874977,277.7987582539619,281.8624005851948,-0.3258413005319145,Y
0,964,NA,NA,NA,NA,NA,NA,NA,F
0,965,NA,NA,NA,NA,NA,NA,NA,F
0,966,NA,NA,NA,NA,NA,NA,NA,F
0,967,NA,NA,NA,NA,NA,NA,NA,F
0,968,NA,NA,NA,NA,NA,NA,NA,F
0,969,NA,NA,NA,NA,NA,NA,NA,F
0,970,NA,NA,NA,NA,NA,NA,NA,F
0,971,NA,NA,NA,NA,NA,NA,NA,F
0,972,NA,NA,NA,NA,NA,NA,NA,F
0,973,NA,NA,NA,NA,NA,NA,NA,N
0,974,NA,NA,NA,NA,NA,NA,NA,F
0,975,NA,NA,NA,NA,NA,NA,NA,F
0,976,NA,NA,NA,NA,NA,NA,NA,N
0,977,NA,NA,NA,NA,NA,NA,NA,F
0,978,NA,NA,NA,NA,NA,NA,NA,N
0,979,NA,NA,NA,NA,NA,NA,NA,N
0,980,1.3566532718397066e+18,45.3222091219808,89.09571859903774,44.72942065516722,295.01634504901904,277.04265654112083,53.20448666656109,Y
0,981,NA,NA,NA,NA,NA,NA,NA,N
0,982,NA,NA,NA,NA,NA,NA,NA,N
0,983,5.584759196532651e+16,54.02082090387309,13.444883887092208,53.304007168174586,300.3602407295851,278.3681391073211,-12.435991231146392,Y
0,984,NA,NA,NA,NA,NA,NA,NA,N
0,985,NA,NA,NA,NA,NA,NA,NA,N
0,986,1.4110551942134506,0.3569482107830415,11.441389534751268,0.0005962542878217447,303.7068346985115,297.9399659644547,-98.7745215941552,Y
0,987,NA,NA,NA,NA,NA,NA,NA,N
0,988,NA,NA,NA,NA,NA,NA,NA,N
0,989,NA,NA,NA,NA,NA,NA,NA,N
0,990,NA,NA,NA,NA,NA,NA,NA,N
0,991,NA,NA,NA,NA,NA,NA,NA,N
0,992,NA,NA,NA,NA,NA,NA,NA,N
0,993,NA,NA,NA,NA,NA,NA,NA,N
0,994,NA,NA,NA,NA,NA,NA,NA,N
0,995,NA,NA,NA,NA,NA,NA,NA,N
0,996,NA,NA,NA,NA,NA,NA,NA,N
0,997,NA,NA,NA,NA,NA,NA,NA,N
0,998,NA,NA,NA,NA,NA,NA,NA,N
0,999,NA,NA,NA,NA,NA,NA,NA,N
0,1000,NA,NA,NA,NA,NA,NA,NA,N
0,1001,NA,NA,NA,NA,NA,NA,NA,N
0,1002,NA,NA,NA,NA,NA,NA,NA,F
0,1003,NA,NA,NA,NA,NA,NA,NA,N
0,1004,275268.6894434744,18.390886930594178,23.919663891116354,18.029135614781477,283.6264798180831,278.2223416763047,-45.57761598828664,Y
0,1005,NA,NA,NA,NA,NA,NA,NA,N
0,1006,124267.10427329253,15.1813943167173,19.958685118648233,14.637407655762212,283.4688821262944,277.4890554013347,-35.785165347602685,Y
0,1007,0.42252908626422697,0.6810941859998167,4.430028560459714,-17.405403929075806,297.44777461723976,272.6664669720109,-29.328592167704144,Y
0,1008,NA,NA,NA,NA,NA,NA,NA,N
0,1009,NA,NA,NA,NA,NA,NA,NA,N
0,1010,NA,NA,NA,NA,NA,NA,NA,N
0,1011,3.336777841717947,0.6885773478231443,4.629526192571566,-16.34824179450388,297.9534011060376,272.7157331381859,1.6768212700905245,Y
0,1012,NA,NA,NA,NA,NA,NA,NA,N
0,1013,NA,NA,NA,NA,NA,NA,NA,N
0,1014,NA,NA,NA,NA,NA,NA,NA,N
0,1015,NA,NA,NA,NA,NA,NA,NA,N
0,1016,1.1992491517534816,0.14154529261656557,8.929216739398044,-4.769414262458505e-05,331.10869936703403,310.01136345023997,-18.095306775077628,Y
0,1017,NA,NA,NA,NA,NA,NA,NA,N
0,1018,NA,NA,NA,NA,NA,NA,NA,N
0,1019,NA,NA,NA,NA,NA,NA,NA,N
0,1020,NA,NA,NA,NA,NA,NA,NA,N
0,1021,NA,NA,NA,NA,NA,NA,NA,N
0,1022,NA,NA,NA,NA,NA,NA,NA,N
0,1023,NA,NA,NA,NA,NA,NA,NA,N
0,1024,NA,NA,NA,NA,NA,NA,NA,N
0,1025,NA,NA,NA,NA,NA,NA,NA,N
0,1026,NA,NA,NA,NA,NA,NA,NA,N
0,1027,NA,NA,NA,NA,NA,NA,NA,N
0,1028,NA,NA,NA,NA,NA,NA,NA,N
0,1029,NA,NA,NA,NA,NA,NA,NA,N
0,1030,NA,NA,NA,NA,NA,NA,NA,N
0,1031,NA,NA,NA,NA,NA,NA,NA,N
0,1032,NA,NA,NA,NA,NA,NA,NA,N
0,1033,6557904.783745268,9.109108050439763,50.69862794452026,8.905558529251554,293.4351729159546,273.3734982538761,10.167588694367497,Y
0,1034,NA,NA,NA,NA,NA,NA,NA,N
0,1035,NA,NA,NA,NA,NA,NA,NA,N
0,1036,NA,NA,NA,NA,NA,NA,NA,F
0,1037,NA,NA,NA,NA,NA,NA,NA,N
0,1038,NA,NA,NA,NA,NA,NA,NA,N
0,1039,12311973692.990446,13.003192241250295,13.846430254211192,12.647214070231442,274.58255254375575,272.69415362309434,3.881561559838053,Y
0,1040,NA,NA,NA,NA,NA,NA,NA,N
0,1041,NA,NA,NA,NA,NA,NA,NA,N
0,1042,NA,NA,NA,NA,NA,NA,NA,N
0,1043,NA,NA,NA,NA,NA,NA,NA,N
0,1044,NA,NA,NA,NA,NA,NA,NA,N
0,1045,NA,NA,NA,NA,NA,NA,NA,N
0,1046,NA,NA,NA,NA,NA,NA,NA,N
0,1047,NA,NA,NA,NA,NA,NA,NA,N
0,1048,NA,NA,NA,NA,NA,NA,NA,N
0,1049,NA,NA,NA,NA,NA,NA,NA,N
0,1050,1713330.7958335325,8.86159259707499,8.552868284022175,2.09752627278331,273.67149257829925,365.21134850930486,12.537941123208993,Y
0,1051,NA,NA,NA,NA,NA,NA,NA,N
0,1052,NA,NA,NA,NA,NA,NA,NA,N
0,1053,7.481845044875072,2.310401766481416,3.296349212169593,2.4254586768033564,291.49333236538564,285.0090582296048,-36.335978242849976,Y
0,1054,NA,NA,NA,NA,NA,NA,NA,N
0,1055,NA,NA,NA,NA,NA,NA,NA,N
0,1056,NA,NA,NA,NA,NA,NA,NA,N
0,1057,NA,NA,NA,NA,NA,NA,NA,N
0,1058,NA,NA,NA,NA,NA,NA,NA,N
0,1059,NA,NA,NA,NA,NA,NA,NA,N
0,1060,NA,NA,NA,NA,NA,NA,NA,N
0,1061,NA,NA,NA,NA,NA,NA,NA,N
0,1062,24.47995240201703,1.6518760408507713,1.4368038353739365,1.4369084595389638,278.64097533369926,278.494323222287,14.966103470924853,Y
0,1063,NA,NA,NA,NA,NA,NA,NA,N
0,1064,NA,NA,NA,NA,NA,NA,NA,N
0,1065,NA,NA,NA,NA,NA,NA,NA,N
0,1066,NA,NA,NA,NA,NA,NA,NA,N
0,1067,NA,NA,NA,NA,NA,NA,NA,F
0,1068,NA,NA,NA,NA,NA,NA,NA,N
0,1069,NA,NA,NA,NA,NA,NA,NA,N
0,1070,NA,NA,NA,NA,NA,NA,NA,N
0,1071,NA,NA,NA,NA,NA,NA,NA,F
0,1072,NA,NA,NA,NA,NA,NA,NA,N
0,1073,NA,NA,NA,NA,NA,NA,NA,N
0,1074,NA,NA,NA,NA,NA,NA,NA,N
0,1075,NA,NA,NA,NA,NA,NA,NA,N
0,1076,NA,NA,NA,NA,NA,NA,NA,N
0,1077,NA,NA,NA,NA,NA,NA,NA,N
0,1078,NA,NA,NA,NA,NA,NA,NA,N
0,1079,NA,NA,NA,NA,NA,NA,NA,F
0,1080,NA,NA,NA,NA,NA,NA,NA,N
0,1081,NA,NA,NA,NA,NA,NA,NA,N
0,1082,NA,NA,NA,NA,NA,NA,NA,N
0,1083,NA,NA,NA,NA,NA,NA,NA,F
0,1084,5.2128308962948315,1.3836740417682243,7.298260076105468,1.427827523676114,305.94621932246145,285.62225244880807,-30.620805938691817,Y
0,1085,NA,NA,NA,NA,NA,NA,NA,N
0,1086,NA,NA,NA,NA,NA,NA,NA,F
0,1087,NA,NA,NA,NA,NA,NA,NA,N
0,1088,NA,NA,NA,NA,NA,NA,NA,F
0,1089,NA,NA,NA,NA,NA,NA,NA,N
0,1090,NA,NA,NA,NA,NA,NA,NA,F
0,1091,NA,NA,NA,NA,NA,NA,NA,F
0,1092,NA,NA,NA,NA,NA,NA,NA,N
0,1093,6857.229649818662,-0.257168471555331,3.9525958199096953,0.0010708067062819087,303.5025137603451,493.82706131156993,42.11158904183953,Y
0,1094,70.23405685600254,0.24557314215199094,2.027803742904239,-1.7843602279677666,305.05269152141346,278.3810253749887,7.4986597785277445,Y
0,1095,NA,NA,NA,NA,NA,NA,NA,N
0,1096,NA,NA,NA,NA,NA,NA,NA,N
0,1097,NA,NA,NA,NA,NA,NA,NA,N
0,1098,NA,NA,NA,NA,NA,NA,NA,N
0,1099,NA,NA,NA,NA,NA,NA,NA,N
0,1100,NA,NA,NA,NA,NA,NA,NA,N
0,1101,NA,NA,NA,NA,NA,NA,NA,F
0,1102,NA,NA,NA,NA,NA,NA,NA,F
0,1103,NA,NA,NA,NA,NA,NA,NA,F
0,1104,NA,NA,NA,NA,NA,NA,NA,F
0,1105,NA,NA,NA,NA,NA,NA,NA,F
0,1106,NA,NA,NA,NA,NA,NA,NA,F
0,1107,NA,NA,NA,NA,NA,NA,NA,F
0,1108,NA,NA,NA,NA,NA,NA,NA,F
0,1109,NA,NA,NA,NA,NA,NA,NA,F
0,1110,NA,NA,NA,NA,NA,NA,NA,F
0,1111,NA,NA,NA,NA,NA,NA,NA,F
0,1112,NA,NA,NA,NA,NA,NA,NA,F
0,1113,NA,NA,NA,NA,NA,NA,NA,F
0,1114,NA,NA,NA,NA,NA,NA,NA,F
0,1115,NA,NA,NA,NA,NA,NA,NA,F
0,1116,NA,NA,NA,NA,NA,NA,NA,F
0,1117,NA,NA,NA,NA,NA,NA,NA,F
0,1118,NA,NA,NA,NA,NA,NA,NA,F
0,1119,NA,NA,NA,NA,NA,NA,NA,F
0,1120,NA,NA,NA,NA,NA,NA,NA,F
0,1121,NA,NA,NA,NA,NA,NA,NA,F
0,1122,NA,NA,NA,NA,NA,NA,NA,F
0,1123,NA,NA,NA,NA,NA,NA,NA,F
0,1124,NA,NA,NA,NA,NA,NA,NA,F
0,1125,NA,NA,NA,NA,NA,NA,NA,F
0,1126,NA,NA,NA,NA,NA,NA,NA,F
0,1127,NA,NA,NA,NA,NA,NA,NA,F
0,1128,NA,NA,NA,NA,NA,NA,NA,F
0,1129,NA,NA,NA,NA,NA,NA,NA,F
0,1130,NA,NA,NA,NA,NA,NA,NA,F
0,1131,NA,NA,NA,NA,NA,NA,NA,F
0,1132,NA,NA,NA,NA,NA,NA,NA,F
0,1133,NA,NA,NA,NA,NA,NA,NA,F
0,1134,NA,NA,NA,NA,NA,NA,NA,F
0,1135,NA,NA,NA,NA,NA,NA,NA,F
0,1136,NA,NA,NA,NA,NA,NA,NA,F
0,1137,NA,NA,NA,NA,NA,NA,NA,F
0,1138,NA,NA,NA,NA,NA,NA,NA,F
0,1139,NA,NA,NA,NA,NA,NA,NA,F
0,1140,NA,NA,NA,NA,NA,NA,NA,F
0,1141,NA,NA,NA,NA,NA,NA,NA,F
0,1142,NA,NA,NA,NA,NA,NA,NA,F
0,1143,NA,NA,NA,NA,NA,NA,NA,F
0,1144,NA,NA,NA,NA,NA,NA,NA,N
0,1145,16.868628224406727,0.18105814640260773,8.719529028112401,4.12413105953743,362.883044980798,300.7610378181441,53.45056167482133,Y
0,1146,NA,NA,NA,NA,NA,NA,NA,N
0,1147,NA,NA,NA,NA,NA,NA,NA,N
0,1148,NA,NA,NA,NA,NA,NA,NA,N
0,1149,NA,NA,NA,NA,NA,NA,NA,N
0,1150,49.96568262060613,18.458705337567366,18.9142260506925,18.134097449872193,283.1716605388825,282.62387992044813,-17.053366510916234,Y
0,1151,NA,NA,NA,NA,NA,NA,NA,N
0,1152,24.50073762493076,19.362082327324146,20.126990699133334,18.85234759590585,283.5192468277481,282.5244775792446,-47.32911897250803,Y
0,1153,51.46589400092639,19.01306596685077,19.426187239852744,18.54478037680952,283.02372784480764,282.5658010085106,-38.138498131559686,Y
0,1154,NA,NA,NA,NA,NA,NA,NA,N
0,1155,NA,NA,NA,NA,NA,NA,NA,N
0,1156,NA,NA,NA,NA,NA,NA,NA,N
0,1157,NA,NA,NA,NA,NA,NA,NA,N
0,1158,NA,NA,NA,NA,NA,NA,NA,N
0,1159,NA,NA,NA,NA,NA,NA,NA,N
0,1160,NA,NA,NA,NA,NA,NA,NA,N
0,1161,18.60534801451841,0.032820764783170545,2.7899428290132176,-1.9756951898082793,302.9267151330117,271.65999260163755,-11.42525811460268,Y
0,1162,NA,NA,NA,NA,NA,NA,NA,N
0,1163,NA,NA,NA,NA,NA,NA,NA,F
0,1164,11441.262930518631,3.7261719988943303,4.303349421907538,3.322162090175304,275.5427807726721,271.0443431266228,-21.04336216088771,Y
0,1165,NA,NA,NA,NA,NA,NA,NA,N
0,1166,NA,NA,NA,NA,NA,NA,NA,F
0,1167,NA,NA,NA,NA,NA,NA,NA,N
0,1168,NA,NA,NA,NA,NA,NA,NA,N
0,1169,45.323794847282194,1.120419215694751,12.83936922736355,1.144993435539221,310.7682532767145,278.69135059584954,5.220619111457547,Y
0,1170,NA,NA,NA,NA,NA,NA,NA,F
0,1171,NA,NA,NA,NA,NA,NA,NA,N
0,1172,NA,NA,NA,NA,NA,NA,NA,N
0,1173,NA,NA,NA,NA,NA,NA,NA,N
0,1174,NA,NA,NA,NA,NA,NA,NA,F
0,1175,2340806.1348887673,13.393815256722212,15.8992987690868,13.150500742009742,279.7725653386235,276.8130407726093,-9.35422395421584,Y
0,1176,NA,NA,NA,NA,NA,NA,NA,N
0,1177,NA,NA,NA,NA,NA,NA,NA,N
0,1178,NA,NA,NA,NA,NA,NA,NA,N
0,1179,NA,NA,NA,NA,NA,NA,NA,N
0,1180,NA,NA,NA,NA,NA,NA,NA,N
0,1181,NA,NA,NA,NA,NA,NA,NA,N
0,1182,NA,NA,NA,NA,NA,NA,NA,N
0,1183,NA,NA,NA,NA,NA,NA,NA,N
0,1184,NA,NA,NA,NA,NA,NA,NA,N
0,1185,NA,NA,NA,NA,NA,NA,NA,N
0,1186,NA,NA,NA,NA,NA,NA,NA,N
0,1187,NA,NA,NA,NA,NA,NA,NA,N
0,1188,NA,NA,NA,NA,NA,NA,NA,N
0,1189,NA,NA,NA,NA,NA,NA,NA,N
0,1190,NA,NA,NA,NA,NA,NA,NA,N
0,1191,NA,NA,NA,NA,NA,NA,NA,N
0,1192,NA,NA,NA,NA,NA,NA,NA,N
0,1193,NA,NA,NA,NA,NA,NA,NA,N
0,1194,NA,NA,NA,NA,NA,NA,NA,N
0,1195,NA,NA,NA,NA,NA,NA,NA,N
0,1196,NA,NA,NA,NA,NA,NA,NA,N
0,1197,NA,NA,NA,NA,NA,NA,NA,N
0,1198,NA,NA,NA,NA,NA,NA,NA,N
0,1199,NA,NA,NA,NA,NA,NA,NA,N
0,1200,NA,NA,NA,NA,NA,NA,NA,N
0,1201,NA,NA,NA,NA,NA,NA,NA,N
0,1202,NA,NA,NA,NA,NA,NA,NA,N
0,1203,NA,NA,NA,NA,NA,NA,NA,N
0,1204,NA,NA,NA,NA,NA,NA,NA,N
0,1205,NA,NA,NA,NA,NA,NA,NA,N
0,1206,NA,NA,NA,NA,NA,NA,NA,N
0,1207,NA,NA,NA,NA,NA,NA,NA,N
0,1208,NA,NA,NA,NA,NA,NA,NA,N
0,1209,NA,NA,NA,NA,NA,NA,NA,N
0,1210,NA,NA,NA,NA,NA,NA,NA,N
0,1211,NA,NA,NA,NA,NA,NA,NA,N
0,1212,NA,NA,NA,NA,NA,NA,NA,N
0,1213,15.159980740274383,1.8220477849553787,5.794079896334493,1.9945770171388102,299.30868772520193,282.16793077961296,-9.631430219697382,Y
0,1214,20.639853122314292,1.6160598798796884,4.786916635386947,1.7874549811396525,302.9527321011414,284.98068015007374,9.189505076111105,Y
0,1215,NA,NA,NA,NA,NA,NA,NA,N
0,1216,30.807008783375213,1.1014322600567008,27.66470206717212,1.2868653873147338,311.98623403963063,282.12013804459747,-16.788833694017647,Y
0,1217,NA,NA,NA,NA,NA,NA,NA,N
0,1218,264482.4278377914,12.679647456806038,11.2668292501542,12.839728515922245,277.6315975362218,278.16541717204257,-10.946783307665076,Y
0,1219,40.48318446416396,1.903456804409719,2.2253048982005112,1.5539142234473335,283.74288758191926,279.65517485893264,-3.249748904512268,Y
0,1220,NA,NA,NA,NA,NA,NA,NA,N
0,1221,NA,NA,NA,NA,NA,NA,NA,N
0,1222,NA,NA,NA,NA,NA,NA,NA,N
0,1223,NA,NA,NA,NA,NA,NA,NA,N
0,1224,NA,NA,NA,NA,NA,NA,NA,N
0,1225,NA,NA,NA,NA,NA,NA,NA,N
0,1226,NA,NA,NA,NA,NA,NA,NA,N
0,1227,NA,NA,NA,NA,NA,NA,NA,N
0,1228,NA,NA,NA,NA,NA,NA,NA,N
0,1229,NA,NA,NA,NA,NA,NA,NA,N
0,1230,NA,NA,NA,NA,NA,NA,NA,N
0,1231,8.679477421549345,0.36142652319388296,2.0249274431251854,-15.72574050482877,308.4131442594976,277.7800730560849,-9.750416259248812,Y
0,1232,NA,NA,NA,NA,NA,NA,NA,F
0,1233,NA,NA,NA,NA,NA,NA,NA,F
0,1234,NA,NA,NA,NA,NA,NA,NA,F
0,1235,NA,NA,NA,NA,NA,NA,NA,F
0,1236,NA,NA,NA,NA,NA,NA,NA,N
0,1237,NA,NA,NA,NA,NA,NA,NA,N
0,1238,NA,NA,NA,NA,NA,NA,NA,N
0,1239,NA,NA,NA,NA,NA,NA,NA,N
0,1240,NA,NA,NA,NA,NA,NA,NA,N
0,1241,251.90644867480256,4.46717584323687,5.291345183138167,4.185403964992576,281.8098214130185,275.2233084322762,-61.45522969678301,Y
0,1242,NA,NA,NA,NA,NA,NA,NA,N
0,1243,NA,NA,NA,NA,NA,NA,NA,N
0,1244,NA,NA,NA,NA,NA,NA,NA,N
0,1245,NA,NA,NA,NA,NA,NA,NA,N
0,1246,NA,NA,NA,NA,NA,NA,NA,N
0,1247,NA,NA,NA,NA,NA,NA,NA,N
0,1248,0.9448745287568701,0.3709280273812244,2.7295083020644824,4.1237093469821955e-05,352.9623387434016,318.5275645000778,-50.43648811513335,Y
0,1249,NA,NA,NA,NA,NA,NA,NA,N
0,1250,NA,NA,NA,NA,NA,NA,NA,F
0,1251,NA,NA,NA,NA,NA,NA,NA,F
0,1252,NA,NA,NA,NA,NA,NA,NA,F
0,1253,NA,NA,NA,NA,NA,NA,NA,F
0,1254,NA,NA,NA,NA,NA,NA,NA,F
0,1255,NA,NA,NA,NA,NA,NA,NA,F
0,1256,NA,NA,NA,NA,NA,NA,NA,F
0,1257,NA,NA,NA,NA,NA,NA,NA,F
0,1258,NA,NA,NA,NA,NA,NA,NA,F
0,1259,NA,NA,NA,NA,NA,NA,NA,F
0,1260,NA,NA,NA,NA,NA,NA,NA,F
0,1261,NA,NA,NA,NA,NA,NA,NA,F
0,1262,NA,NA,NA,NA,NA,NA,NA,F
0,1263,NA,NA,NA,NA,NA,NA,NA,F
0,1264,NA,NA,NA,NA,NA,NA,NA,F
0,1265,NA,NA,NA,NA,NA,NA,NA,F
0,1266,NA,NA,NA,NA,NA,NA,NA,F
0,1267,NA,NA,NA,NA,NA,NA,NA,F
0,1268,NA,NA,NA,NA,NA,NA,NA,F
0,1269,NA,NA,NA,NA,NA,NA,NA,F
0,1270,NA,NA,NA,NA,NA,NA,NA,F
0,1271,NA,NA,NA,NA,NA,NA,NA,F
0,1272,NA,NA,NA,NA,NA,NA,NA,F
0,1273,NA,NA,NA,NA,NA,NA,NA,F
0,1274,NA,NA,NA,NA,NA,NA,NA,F
0,1275,NA,NA,NA,NA,NA,NA,NA,F
0,1276,NA,NA,NA,NA,NA,NA,NA,F
0,1277,NA,NA,NA,NA,NA,NA,NA,F
0,1278,NA,NA,NA,NA,NA,NA,NA,F
0,1279,NA,NA,NA,NA,NA,NA,NA,F
0,1280,NA,NA,NA,NA,NA,NA,NA,F
0,1281,NA,NA,NA,NA,NA,NA,NA,F
0,1282,NA,NA,NA,NA,NA,NA,NA,F
0,1283,NA,NA,NA,NA,NA,NA,NA,F
0,1284,NA,NA,NA,NA,NA,NA,NA,F
0,1285,NA,NA,NA,NA,NA,NA,NA,F
0,1286,NA,NA,NA,NA,NA,NA,NA,F
0,1287,NA,NA,NA,NA,NA,NA,NA,F
0,1288,NA,NA,NA,NA,NA,NA,NA,F
0,1289,NA,NA,NA,NA,NA,NA,NA,F
0,1290,NA,NA,NA,NA,NA,NA,NA,F
0,1291,NA,NA,NA,NA,NA,NA,NA,F
0,1292,NA,NA,NA,NA,NA,NA,NA,F
0,1293,NA,NA,NA,NA,NA,NA,NA,F
0,1294,NA,NA,NA,NA,NA,NA,NA,F
0,1295,NA,NA,NA,NA,NA,NA,NA,F
0,1296,NA,NA,NA,NA,NA,NA,NA,F
0,1297,NA,NA,NA,NA,NA,NA,NA,F
0,1298,NA,NA,NA,NA,NA,NA,NA,N
0,1299,NA,NA,NA,NA,NA,NA,NA,N
0,1300,NA,NA,NA,NA,NA,NA,NA,N
0,1301,NA,NA,NA,NA,NA,NA,NA,N
0,1302,NA,NA,NA,NA,NA,NA,NA,N
0,1303,NA,NA,NA,NA,NA,NA,NA,N
0,1304,NA,NA,NA,NA,NA,NA,NA,F
0,1305,NA,NA,NA,NA,NA,NA,NA,N
0,1306,NA,NA,NA,NA,NA,NA,NA,N
0,1307,NA,NA,NA,NA,NA,NA,NA,N
0,1308,NA,NA,NA,NA,NA,NA,NA,N
0,1309,NA,NA,NA,NA,NA,NA,NA,N
0,1310,NA,NA,NA,NA,NA,NA,NA,N
0,1311,NA,NA,NA,NA,NA,NA,NA,N
0,1312,25.541124547050362,0.228522168442386,3.409429160195968,6.081716372859982e-06,292.3384085354029,250.8433100542203,-0.17651183237349422,Y
0,1313,NA,NA,NA,NA,NA,NA,NA,N
0,1314,NA,NA,NA,NA,NA,NA,NA,N
0,1315,NA,NA,NA,NA,NA,NA,NA,N
0,1316,NA,NA,NA,NA,NA,NA,NA,N
0,1317,NA,NA,NA,NA,NA,NA,NA,N
0,1318,NA,NA,NA,NA,NA,NA,NA,N
0,1319,NA,NA,NA,NA,NA,NA,NA,N
0,1320,NA,NA,NA,NA,NA,NA,NA,N
0,1321,NA,NA,NA,NA,NA,NA,NA,N
0,1322,NA,NA,NA,NA,NA,NA,NA,N
0,1323,NA,NA,NA,NA,NA,NA,NA,N
0,1324,NA,NA,NA,NA,NA,NA,NA,N
0,1325,NA,NA,NA,NA,NA,NA,NA,N
0,1326,NA,NA,NA,NA,NA,NA,NA,N
0,1327,NA,NA,NA,NA,NA,NA,NA,N
0,1328,NA,NA,NA,NA,NA,NA,NA,N
0,1329,NA,NA,NA,NA,NA,NA,NA,N
0,1330,NA,NA,NA,NA,NA,NA,NA,N
0,1331,NA,NA,NA,NA,NA,NA,NA,N
0,1332,NA,NA,NA,NA,NA,NA,NA,N
0,1333,NA,NA,NA,NA,NA,NA,NA,N
0,1334,NA,NA,NA,NA,NA,NA,NA,N
0,1335,NA,NA,NA,NA,NA,NA,NA,N
0,1336,NA,NA,NA,NA,NA,NA,NA,N
0,1337,NA,NA,NA,NA,NA,NA,NA,N
0,1338,NA,NA,NA,NA,NA,NA,NA,N
0,1339,NA,NA,NA,NA,NA,NA,NA,N
0,1340,NA,NA,NA,NA,NA,NA,NA,N
0,1341,NA,NA,NA,NA,NA,NA,NA,N
0,1342,NA,NA,NA,NA,NA,NA,NA,N
0,1343,NA,NA,NA,NA,NA,NA,NA,F
0,1344,NA,NA,NA,NA,NA,NA,NA,F
0,1345,0.11999554094812352,1.0924907498816612,0.445889720150545,0.38068094077319764,294.9714262928403,292.60028589308905,1.6202374812679956,Y
0,1346,NA,NA,NA,NA,NA,NA,NA,N
0,1347,NA,NA,NA,NA,NA,NA,NA,N
0,1348,NA,NA,NA,NA,NA,NA,NA,N
0,1349,NA,NA,NA,NA,NA,NA,NA,N
0,1350,NA,NA,NA,NA,NA,NA,NA,N
0,1351,NA,NA,NA,NA,NA,NA,NA,N
0,1352,NA,NA,NA,NA,NA,NA,NA,N
0,1353,NA,NA,NA,NA,NA,NA,NA,N
0,1354,NA,NA,NA,NA,NA,NA,NA,N
0,1355,NA,NA,NA,NA,NA,NA,NA,N
0,1356,NA,NA,NA,NA,NA,NA,NA,N
0,1357,NA,NA,NA,NA,NA,NA,NA,N
0,1358,NA,NA,NA,NA,NA,NA,NA,N
0,1359,NA,NA,NA,NA,NA,NA,NA,N
0,1360,NA,NA,NA,NA,NA,NA,NA,N
0,1361,NA,NA,NA,NA,NA,NA,NA,N
0,1362,5.890011454879689,1.887342225676791,1.7696169074651185,-21.475403982601534,278.811508573425,281.16078802335306,-17.50025631796298,Y
0,1363,NA,NA,NA,NA,NA,NA,NA,F
0,1364,NA,NA,NA,NA,NA,NA,NA,F
0,1365,5.792979127886024,2.7762863237704796,5.189215865165577,2.7398621374116034,290.6618108692982,279.2967410335933,-56.032059491848955,Y
0,1366,39.81177540813971,7.504455009376681,8.144561105485714,7.0543286731838855,281.7515744619711,279.7377936826948,-64.78395647290506,Y
0,1367,NA,NA,NA,NA,NA,NA,NA,N
0,1368,NA,NA,NA,NA,NA,NA,NA,N
0,1369,NA,NA,NA,NA,NA,NA,NA,N
0,1370,6.14005835872391,5.156916798151558,5.8860580146635435,4.900918252948147,283.9660818662108,280.0644926500999,-82.66137952277107,Y
0,1371,NA,NA,NA,NA,NA,NA,NA,N
0,1372,86.09031845273239,7.7605422895841745,8.394197188719874,7.428897692634353,281.3239266357463,279.0757870052089,-84.19968402016374,Y
0,1373,14.278334872536218,4.70939850789103,5.090867330656978,4.161359303471548,281.35372227063385,278.8391230448883,-50.7590115524217,Y
0,1374,NA,NA,NA,NA,NA,NA,NA,N
0,1375,NA,NA,NA,NA,NA,NA,NA,N
0,1376,NA,NA,NA,NA,NA,NA,NA,N
0,1377,6.020090142575262,5.986036492591796,9.751171326127883,5.923908709144713,286.8129932929319,280.08643845939554,-387.48407178795617,Y
0,1378,NA,NA,NA,NA,NA,NA,NA,N
0,1379,NA,NA,NA,NA,NA,NA,NA,N
0,1380,3.01274369397897,2.648419450303911,4.816560923177003,2.713916398250904,289.7046901467514,280.7560356195793,-38.68312494189939,Y
0,1381,NA,NA,NA,NA,NA,NA,NA,N
0,1382,0.6326609329820461,0.5414865126300156,1.4875401375490143,-4.264012066522683,298.59410387831116,280.9709327316131,-54.47789016749532,Y
0,1383,0.8848736060901605,-0.22446752584512852,5.456621956663273,0.822662460759017,546.6926344093374,-287.6779531267124,-7.487532926619551,Y
0,1384,NA,NA,NA,NA,NA,NA,NA,N
0,1385,3.8804973570982515,5.636035770673692,6.758685781924762,5.34016133454246,285.5591182921405,280.9007731420511,-58.167622189162316,Y
0,1386,0.32742130843507167,0.3656387610418351,2.66611185609769,-9.569659702687508,298.0648818969645,279.57655638315646,-405.55093552703795,Y
0,1387,NA,NA,NA,NA,NA,NA,NA,N
0,1388,NA,NA,NA,NA,NA,NA,NA,N
0,1389,NA,NA,NA,NA,NA,NA,NA,N
0,1390,NA,NA,NA,NA,NA,NA,NA,N
0,1391,NA,NA,NA,NA,NA,NA,NA,N
0,1392,NA,NA,NA,NA,NA,NA,NA,N
0,1393,8.294626613924954,5.471468230682491,6.622318944833714,5.17358535756309,284.82713812876597,280.4433889208039,-62.26207304146425,Y
0,1394,3.4101011957796343,3.3454065834325433,5.24038380879101,3.232820685875863,290.13709738610623,280.9356556286671,-86.71875322730193,Y
0,1395,NA,NA,NA,NA,NA,NA,NA,N
0,1396,45.50053069788363,9.42854821244382,10.64619195591128,9.179136885119481,283.06470846622153,280.1051775993759,-61.83680306944808,Y
0,1397,10.618215107040909,7.755481993328272,9.210384198600972,7.5760472399401335,285.0947162197088,280.76656267898136,-68.39618144791775,Y
0,1398,NA,NA,NA,NA,NA,NA,NA,N
0,1399,NA,NA,NA,NA,NA,NA,NA,F
0,1400,NA,NA,NA,NA,NA,NA,NA,F
0,1401,NA,NA,NA,NA,NA,NA,NA,N
0,1402,NA,NA,NA,NA,NA,NA,NA,N
0,1403,NA,NA,NA,NA,NA,NA,NA,N
0,1404,NA,NA,NA,NA,NA,NA,NA,N
0,1405,NA,NA,NA,NA,NA,NA,NA,N
0,1406,NA,NA,NA,NA,NA,NA,NA,N
0,1407,NA,NA,NA,NA,NA,NA,NA,N
0,1408,NA,NA,NA,NA,NA,NA,NA,N
0,1409,NA,NA,NA,NA,NA,NA,NA,F
0,1410,NA,NA,NA,NA,NA,NA,NA,F
0,1411,NA,NA,NA,NA,NA,NA,NA,N
0,1412,NA,NA,NA,NA,NA,NA,NA,N
0,1413,NA,NA,NA,NA,NA,NA,NA,N
0,1414,NA,NA,NA,NA,NA,NA,NA,N
0,1415,NA,NA,NA,NA,NA,NA,NA,N
0,1416,NA,NA,NA,NA,NA,NA,NA,N
0,1417,NA,NA,NA,NA,NA,NA,NA,N
0,1418,NA,NA,NA,NA,NA,NA,NA,N
0,1419,NA,NA,NA,NA,NA,NA,NA,N
0,1420,NA,NA,NA,NA,NA,NA,NA,N
0,1421,NA,NA,NA,NA,NA,NA,NA,N
0,1422,NA,NA,NA,NA,NA,NA,NA,N
0,1423,NA,NA,NA,NA,NA,NA,NA,N
0,1424,NA,NA,NA,NA,NA,NA,NA,N
0,1425,NA,NA,NA,NA,NA,NA,NA,N
0,1426,NA,NA,NA,NA,NA,NA,NA,N
0,1427,NA,NA,NA,NA,NA,NA,NA,N
0,1428,NA,NA,NA,NA,NA,NA,NA,N
0,1429,NA,NA,NA,NA,NA,NA,NA,N
0,1430,NA,NA,NA,NA,NA,NA,NA,N
0,1431,NA,NA,NA,NA,NA,NA,NA,N
0,1432,NA,NA,NA,NA,NA,NA,NA,N
0,1433,NA,NA,NA,NA,NA,NA,NA,N
0,1434,NA,NA,NA,NA,NA,NA,NA,N
0,1435,NA,NA,NA,NA,NA,NA,NA,N
0,1436,NA,NA,NA,NA,NA,NA,NA,N
0,1437,NA,NA,NA,NA,NA,NA,NA,N
0,1438,NA,NA,NA,NA,NA,NA,NA,N
0,1439,NA,NA,NA,NA,NA,NA,NA,N
0,1440,NA,NA,NA,NA,NA,NA,NA,N
0,1441,NA,NA,NA,NA,NA,NA,NA,N
0,1442,NA,NA,NA,NA,NA,NA,NA,N
0,1443,NA,NA,NA,NA,NA,NA,NA,N
0,1444,24785.21827829225,8.78139056282599,8.924039190449209,10.512715718497065,277.5863671039827,283.6227847144545,-8.021856016456827,Y
0,1445,7.581596125449728e-05,9.686492277500859,11.516080574430902,9.157058492777786,297.6324796112906,290.70123913265667,-3.544924230112791,Y
0,1446,NA,NA,NA,NA,NA,NA,NA,N
0,1447,NA,NA,NA,NA,NA,NA,NA,N
0,1448,NA,NA,NA,NA,NA,NA,NA,N
0,1449,169.68973120133063,3.878722354130197,4.352501317030448,3.5943293454616265,279.30305852709483,276.1079604709207,-52.724245856126586,Y
0,1450,NA,NA,NA,NA,NA,NA,NA,N
0,1451,NA,NA,NA,NA,NA,NA,NA,N
0,1452,NA,NA,NA,NA,NA,NA,NA,N
0,1453,NA,NA,NA,NA,NA,NA,NA,N
0,1454,NA,NA,NA,NA,NA,NA,NA,N
0,1455,NA,NA,NA,NA,NA,NA,NA,N
0,1456,NA,NA,NA,NA,NA,NA,NA,N
0,1457,NA,NA,NA,NA,NA,NA,NA,N
0,1458,NA,NA,NA,NA,NA,NA,NA,N
0,1459,2.2595142776771606,0.09051448078784517,2.4103200508298404,0.00011686263820464009,358.1288106529697,479.3542146630991,-52.052815541990796,Y
0,1460,NA,NA,NA,NA,NA,NA,NA,N
0,1461,NA,NA,NA,NA,NA,NA,NA,N
0,1462,NA,NA,NA,NA,NA,NA,NA,N
0,1463,NA,NA,NA,NA,NA,NA,NA,N
0,1464,NA,NA,NA,NA,NA,NA,NA,N
0,1465,NA,NA,NA,NA,NA,NA,NA,N
0,1466,NA,NA,NA,NA,NA,NA,NA,N
0,1467,NA,NA,NA,NA,NA,NA,NA,N
0,1468,NA,NA,NA,NA,NA,NA,NA,N
0,1469,NA,NA,NA,NA,NA,NA,NA,N
0,1470,NA,NA,NA,NA,NA,NA,NA,N
0,1471,NA,NA,NA,NA,NA,NA,NA,N
0,1472,NA,NA,NA,NA,NA,NA,NA,N
0,1473,NA,NA,NA,NA,NA,NA,NA,N
0,1474,NA,NA,NA,NA,NA,NA,NA,N
0,1475,NA,NA,NA,NA,NA,NA,NA,N
0,1476,NA,NA,NA,NA,NA,NA,NA,N
0,1477,NA,NA,NA,NA,NA,NA,NA,N
0,1478,NA,NA,NA,NA,NA,NA,NA,N
0,1479,NA,NA,NA,NA,NA,NA,NA,N
0,1480,5.7910194467569,0.5982072166324555,2.386172525102195,-2.3463751280724154,300.5150634148986,279.0525264686158,55.106765534328524,Y
0,1481,NA,NA,NA,NA,NA,NA,NA,N
0,1482,NA,NA,NA,NA,NA,NA,NA,N
0,1483,NA,NA,NA,NA,NA,NA,NA,N
0,1484,NA,NA,NA,NA,NA,NA,NA,N
0,1485,NA,NA,NA,NA,NA,NA,NA,N
0,1486,NA,NA,NA,NA,NA,NA,NA,N
0,1487,NA,NA,NA,NA,NA,NA,NA,N
0,1488,NA,NA,NA,NA,NA,NA,NA,N
0,1489,NA,NA,NA,NA,NA,NA,NA,F
0,1490,NA,NA,NA,NA,NA,NA,NA,F
0,1491,NA,NA,NA,NA,NA,NA,NA,N
0,1492,NA,NA,NA,NA,NA,NA,NA,N
0,1493,NA,NA,NA,NA,NA,NA,NA,N
0,1494,NA,NA,NA,NA,NA,NA,NA,N
0,1495,0.7462225588553156,0.36304349653382867,3.4897979060911366,2.998884791782269e-05,353.9757405254389,302.2179534918948,-28.08010263647541,Y
0,1496,NA,NA,NA,NA,NA,NA,NA,N
0,1497,NA,NA,NA,NA,NA,NA,NA,N
0,1498,NA,NA,NA,NA,NA,NA,NA,N
0,1499,0.5094268088430622,2.534062842473499,23.399015460285593,1.9955696643310066,324.9011783751868,281.68934424375846,-127.8623976700095,Y
0,1500,NA,NA,NA,NA,NA,NA,NA,N
0,1501,NA,NA,NA,NA,NA,NA,NA,N
0,1502,NA,NA,NA,NA,NA,NA,NA,N
0,1503,NA,NA,NA,NA,NA,NA,NA,F
0,1504,NA,NA,NA,NA,NA,NA,NA,F
0,1505,NA,NA,NA,NA,NA,NA,NA,F
0,1506,NA,NA,NA,NA,NA,NA,NA,F
0,1507,NA,NA,NA,NA,NA,NA,NA,F
0,1508,NA,NA,NA,NA,NA,NA,NA,F
0,1509,NA,NA,NA,NA,NA,NA,NA,F
0,1510,NA,NA,NA,NA,NA,NA,NA,F
0,1511,NA,NA,NA,NA,NA,NA,NA,F
0,1512,NA,NA,NA,NA,NA,NA,NA,F
0,1513,NA,NA,NA,NA,NA,NA,NA,F
0,1514,NA,NA,NA,NA,NA,NA,NA,F
0,1515,NA,NA,NA,NA,NA,NA,NA,F
0,1516,NA,NA,NA,NA,NA,NA,NA,F
0,1517,NA,NA,NA,NA,NA,NA,NA,F
0,1518,NA,NA,NA,NA,NA,NA,NA,F
0,1519,NA,NA,NA,NA,NA,NA,NA,F
0,1520,NA,NA,NA,NA,NA,NA,NA,N
0,1521,NA,NA,NA,NA,NA,NA,NA,N
0,1522,NA,NA,NA,NA,NA,NA,NA,N
0,1523,NA,NA,NA,NA,NA,NA,NA,N
0,1524,NA,NA,NA,NA,NA,NA,NA,N
0,1525,24.21820509555561,0.9495681937688694,3.8531739978141797,1.0050617553406849,310.6094874924413,285.0651284053961,-28.264728161853938,Y
0,1526,7.473177859142761,0.6903218292985152,38.66744663039975,0.8492314061453613,315.9459760775292,291.5928105442897,-31.363694343609644,Y
0,1527,NA,NA,NA,NA,NA,NA,NA,N
0,1528,65.98952058661871,-0.1232807331450601,24.626202171753995,-1.0569833054104412,318.5204378546511,294.2734604844709,-6.099110856621177,Y
0,1529,NA,NA,NA,NA,NA,NA,NA,N
0,1530,NA,NA,NA,NA,NA,NA,NA,N
0,1531,NA,NA,NA,NA,NA,NA,NA,N
0,1532,NA,NA,NA,NA,NA,NA,NA,N
0,1533,NA,NA,NA,NA,NA,NA,NA,N
0,1534,NA,NA,NA,NA,NA,NA,NA,N
0,1535,NA,NA,NA,NA,NA,NA,NA,N
0,1536,NA,NA,NA,NA,NA,NA,NA,N
0,1537,NA,NA,NA,NA,NA,NA,NA,N
0,1538,1.4528570035057131,0.579143199674463,4.769619684251054,-0.0014331564708697652,327.7873237393976,328.2080278700536,-51.51931256428591,Y
0,1539,4.84884299985905,1.858081499833936,-37.79879538734664,1.4091111663970224,279.4684516236019,274.0746021220473,2.7306472700002953,Y
0,1540,NA,NA,NA,NA,NA,NA,NA,N
0,1541,NA,NA,NA,NA,NA,NA,NA,N
0,1542,1.7518367446836405,0.7248065622277029,601.585318423331,-0.00022687545109018118,305.61704426760053,274.6075929003286,-24.307717560742795,Y
0,1543,NA,NA,NA,NA,NA,NA,NA,N
0,1544,NA,NA,NA,NA,NA,NA,NA,N
0,1545,NA,NA,NA,NA,NA,NA,NA,N
0,1546,2.853651613230085,0.395188668088197,3.160091030348588,7.44187002728947e-05,332.50728249575747,303.7050407619027,-0.9097997171294949,Y
0,1547,NA,NA,NA,NA,NA,NA,NA,N
0,1548,NA,NA,NA,NA,NA,NA,NA,N
0,1549,NA,NA,NA,NA,NA,NA,NA,N
0,1550,NA,NA,NA,NA,NA,NA,NA,N
0,1551,0.37185017693197925,0.5689476617348069,2.134702077528854,0.32992189182149056,329.32606799685755,323.6241677018535,-58.04126792801037,Y
0,1552,NA,NA,NA,NA,NA,NA,NA,N
0,1553,NA,NA,NA,NA,NA,NA,NA,N
0,1554,NA,NA,NA,NA,NA,NA,NA,N
0,1555,NA,NA,NA,NA,NA,NA,NA,N
0,1556,NA,NA,NA,NA,NA,NA,NA,N
0,1557,0.9121646177073732,0.6918119053764632,1.999190173509313,0.2942037932183074,318.2586440673418,270.4919385676156,-70.7110616327128,Y
0,1558,NA,NA,NA,NA,NA,NA,NA,N
0,1559,NA,NA,NA,NA,NA,NA,NA,N
0,1560,NA,NA,NA,NA,NA,NA,NA,N
0,1561,NA,NA,NA,NA,NA,NA,NA,N
0,1562,NA,NA,NA,NA,NA,NA,NA,N
0,1563,NA,NA,NA,NA,NA,NA,NA,N
0,1564,NA,NA,NA,NA,NA,NA,NA,F
0,1565,NA,NA,NA,NA,NA,NA,NA,N
0,1566,NA,NA,NA,NA,NA,NA,NA,F
0,1567,NA,NA,NA,NA,NA,NA,NA,N
0,1568,NA,NA,NA,NA,NA,NA,NA,N
0,1569,NA,NA,NA,NA,NA,NA,NA,F
0,1570,NA,NA,NA,NA,NA,NA,NA,F
0,1571,NA,NA,NA,NA,NA,NA,NA,F
0,1572,NA,NA,NA,NA,NA,NA,NA,N
0,1573,NA,NA,NA,NA,NA,NA,NA,N
0,1574,NA,NA,NA,NA,NA,NA,NA,N
0,1575,NA,NA,NA,NA,NA,NA,NA,F
0,1576,NA,NA,NA,NA,NA,NA,NA,N
0,1577,NA,NA,NA,NA,NA,NA,NA,N
0,1578,NA,NA,NA,NA,NA,NA,NA,N
0,1579,NA,NA,NA,NA,NA,NA,NA,N
0,1580,NA,NA,NA,NA,NA,NA,NA,N
0,1581,NA,NA,NA,NA,NA,NA,NA,N
0,1582,NA,NA,NA,NA,NA,NA,NA,N
0,1583,NA,NA,NA,NA,NA,NA,NA,N
0,1584,NA,NA,NA,NA,NA,NA,NA,N
0,1585,NA,NA,NA,NA,NA,NA,NA,N
0,1586,NA,NA,NA,NA,NA,NA,NA,N
0,1587,NA,NA,NA,NA,NA,NA,NA,N
0,1588,NA,NA,NA,NA,NA,NA,NA,N
0,1589,NA,NA,NA,NA,NA,NA,NA,N
0,1590,3.344776922408539,2.7195913785128387,8.899314926241841,2.362289078291572,300.35241543205206,277.1446785693333,-94.57825227193234,Y
0,1591,NA,NA,NA,NA,NA,NA,NA,N
0,1592,NA,NA,NA,NA,NA,NA,NA,N
0,1593,NA,NA,NA,NA,NA,NA,NA,N
0,1594,NA,NA,NA,NA,NA,NA,NA,N
0,1595,NA,NA,NA,NA,NA,NA,NA,N
0,1596,NA,NA,NA,NA,NA,NA,NA,F
0,1597,NA,NA,NA,NA,NA,NA,NA,F
0,1598,NA,NA,NA,NA,NA,NA,NA,N
0,1599,NA,NA,NA,NA,NA,NA,NA,N
0,1600,NA,NA,NA,NA,NA,NA,NA,N
0,1601,NA,NA,NA,NA,NA,NA,NA,N
0,1602,NA,NA,NA,NA,NA,NA,NA,N
0,1603,NA,NA,NA,NA,NA,NA,NA,N
0,1604,NA,NA,NA,NA,NA,NA,NA,N
0,1605,NA,NA,NA,NA,NA,NA,NA,N
0,1606,NA,NA,NA,NA,NA,NA,NA,N
0,1607,NA,NA,NA,NA,NA,NA,NA,N
0,1608,NA,NA,NA,NA,NA,NA,NA,N
0,1609,NA,NA,NA,NA,NA,NA,NA,N
0,1610,NA,NA,NA,NA,NA,NA,NA,N
0,1611,NA,NA,NA,NA,NA,NA,NA,N
0,1612,NA,NA,NA,NA,NA,NA,NA,N
0,1613,NA,NA,NA,NA,NA,NA,NA,F
0,1614,NA,NA,NA,NA,NA,NA,NA,N
0,1615,NA,NA,NA,NA,NA,NA,NA,N
0,1616,NA,NA,NA,NA,NA,NA,NA,N
0,1617,NA,NA,NA,NA,NA,NA,NA,N
0,1618,NA,NA,NA,NA,NA,NA,NA,N
0,1619,NA,NA,NA,NA,NA,NA,NA,N
0,1620,NA,NA,NA,NA,NA,NA,NA,F
0,1621,NA,NA,NA,NA,NA,NA,NA,N
0,1622,NA,NA,NA,NA,NA,NA,NA,N
0,1623,NA,NA,NA,NA,NA,NA,NA,N
0,1624,NA,NA,NA,NA,NA,NA,NA,N
0,1625,NA,NA,NA,NA,NA,NA,NA,F
0,1626,NA,NA,NA,NA,NA,NA,NA,F
0,1627,NA,NA,NA,NA,NA,NA,NA,N
0,1628,NA,NA,NA,NA,NA,NA,NA,F
0,1629,NA,NA,NA,NA,NA,NA,NA,N
0,1630,NA,NA,NA,NA,NA,NA,NA,F
0,1631,NA,NA,NA,NA,NA,NA,NA,F
0,1632,NA,NA,NA,NA,NA,NA,NA,N
0,1633,NA,NA,NA,NA,NA,NA,NA,N
0,1634,NA,NA,NA,NA,NA,NA,NA,N
0,1635,NA,NA,NA,NA,NA,NA,NA,F
0,1636,NA,NA,NA,NA,NA,NA,NA,F
0,1637,NA,NA,NA,NA,NA,NA,NA,N
0,1638,NA,NA,NA,NA,NA,NA,NA,N
0,1639,NA,NA,NA,NA,NA,NA,NA,N
0,1640,NA,NA,NA,NA,NA,NA,NA,N
0,1641,NA,NA,NA,NA,NA,NA,NA,N
0,1642,NA,NA,NA,NA,NA,NA,NA,N
0,1643,NA,NA,NA,NA,NA,NA,NA,N
0,1644,NA,NA,NA,NA,NA,NA,NA,N
0,1645,NA,NA,NA,NA,NA,NA,NA,N
0,1646,NA,NA,NA,NA,NA,NA,NA,N
0,1647,NA,NA,NA,NA,NA,NA,NA,N
0,1648,NA,NA,NA,NA,NA,NA,NA,N
0,1649,NA,NA,NA,NA,NA,NA,NA,N
0,1650,NA,NA,NA,NA,NA,NA,NA,N
0,1651,NA,NA,NA,NA,NA,NA,NA,N
0,1652,NA,NA,NA,NA,NA,NA,NA,N
0,1653,NA,NA,NA,NA,NA,NA,NA,N
0,1654,NA,NA,NA,NA,NA,NA,NA,N
0,1655,NA,NA,NA,NA,NA,NA,NA,F
0,1656,NA,NA,NA,NA,NA,NA,NA,F
0,1657,NA,NA,NA,NA,NA,NA,NA,N
0,1658,NA,NA,NA,NA,NA,NA,NA,N
0,1659,NA,NA,NA,NA,NA,NA,NA,F
0,1660,NA,NA,NA,NA,NA,NA,NA,N
0,1661,NA,NA,NA,NA,NA,NA,NA,N
0,1662,NA,NA,NA,NA,NA,NA,NA,N
0,1663,NA,NA,NA,NA,NA,NA,NA,N
0,1664,NA,NA,NA,NA,NA,NA,NA,N
0,1665,NA,NA,NA,NA,NA,NA,NA,N
0,1666,NA,NA,NA,NA,NA,NA,NA,N
0,1667,6.749184167416912,6.087924487474426,9.70198660532404,5.904417740831451,288.5915874393334,278.3125300529546,-109.07150221803006,Y
0,1668,NA,NA,NA,NA,NA,NA,NA,N
0,1669,NA,NA,NA,NA,NA,NA,NA,N
0,1670,NA,NA,NA,NA,NA,NA,NA,N
0,1671,38100739605.09452,21.62559884161083,24.888751449650535,21.3010593946655,278.67035838527534,274.6900812082572,-116.16673720248346,Y
0,1672,NA,NA,NA,NA,NA,NA,NA,N
0,1673,NA,NA,NA,NA,NA,NA,NA,N
0,1674,NA,NA,NA,NA,NA,NA,NA,N
0,1675,NA,NA,NA,NA,NA,NA,NA,N
0,1676,NA,NA,NA,NA,NA,NA,NA,N
0,1677,NA,NA,NA,NA,NA,NA,NA,N
0,1678,NA,NA,NA,NA,NA,NA,NA,N
0,1679,NA,NA,NA,NA,NA,NA,NA,F
0,1680,NA,NA,NA,NA,NA,NA,NA,F
0,1681,NA,NA,NA,NA,NA,NA,NA,F
0,1682,NA,NA,NA,NA,NA,NA,NA,F
0,1683,NA,NA,NA,NA,NA,NA,NA,F
0,1684,NA,NA,NA,NA,NA,NA,NA,N
0,1685,NA,NA,NA,NA,NA,NA,NA,N
0,1686,NA,NA,NA,NA,NA,NA,NA,N
0,1687,NA,NA,NA,NA,NA,NA,NA,N
0,1688,NA,NA,NA,NA,NA,NA,NA,N
0,1689,NA,NA,NA,NA,NA,NA,NA,N
0,1690,NA,NA,NA,NA,NA,NA,NA,N
0,1691,NA,NA,NA,NA,NA,NA,NA,N
0,1692,NA,NA,NA,NA,NA,NA,NA,N
0,1693,4.1175140868230375,0.41085698931094095,4.900837226468273,0.659196822999681,323.262126628731,304.9097485098878,-63.93320592019042,Y
0,1694,NA,NA,NA,NA,NA,NA,NA,N
0,1695,NA,NA,NA,NA,NA,NA,NA,N
0,1696,NA,NA,NA,NA,NA,NA,NA,N
0,1697,NA,NA,NA,NA,NA,NA,NA,N
0,1698,NA,NA,NA,NA,NA,NA,NA,N
0,1699,NA,NA,NA,NA,NA,NA,NA,N
0,1700,4.756826921673817,0.30118252760654307,3.1172351711825237,-73.02416844815603,290.2171991624557,278.8310937012033,-5.977379839409565,Y
0,1701,NA,NA,NA,NA,NA,NA,NA,N
0,1702,NA,NA,NA,NA,NA,NA,NA,F
0,1703,NA,NA,NA,NA,NA,NA,NA,N
0,1704,NA,NA,NA,NA,NA,NA,NA,N
0,1705,NA,NA,NA,NA,NA,NA,NA,N
0,1706,NA,NA,NA,NA,NA,NA,NA,N
0,1707,NA,NA,NA,NA,NA,NA,NA,N
0,1708,NA,NA,NA,NA,NA,NA,NA,N
0,1709,NA,NA,NA,NA,NA,NA,NA,N
0,1710,NA,NA,NA,NA,NA,NA,NA,N
0,1711,NA,NA,NA,NA,NA,NA,NA,N
0,1712,NA,NA,NA,NA,NA,NA,NA,F
0,1713,NA,NA,NA,NA,NA,NA,NA,N
0,1714,4648773965503.658,21.26675909139628,21.823949101508006,20.945985139950288,275.17724601282833,274.29861680517064,-45.69886055263036,Y
0,1715,NA,NA,NA,NA,NA,NA,NA,N
0,1716,NA,NA,NA,NA,NA,NA,NA,N
0,1717,NA,NA,NA,NA,NA,NA,NA,N
0,1718,NA,NA,NA,NA,NA,NA,NA,N
0,1719,NA,NA,NA,NA,NA,NA,NA,N
0,1720,NA,NA,NA,NA,NA,NA,NA,N
0,1721,NA,NA,NA,NA,NA,NA,NA,N
0,1722,NA,NA,NA,NA,NA,NA,NA,N
0,1723,NA,NA,NA,NA,NA,NA,NA,N
0,1724,NA,NA,NA,NA,NA,NA,NA,N
0,1725,NA,NA,NA,NA,NA,NA,NA,N
0,1726,NA,NA,NA,NA,NA,NA,NA,N
0,1727,0.4438708300661676,4.577981484829839,23.675861621410025,4.104298724281284,302.5735046462803,278.8495628436701,-76.83209117831854,Y
0,1728,NA,NA,NA,NA,NA,NA,NA,F
0,1729,NA,NA,NA,NA,NA,NA,NA,N
0,1730,NA,NA,NA,NA,NA,NA,NA,F
0,1731,NA,NA,NA,NA,NA,NA,NA,N
0,1732,NA,NA,NA,NA,NA,NA,NA,N
0,1733,NA,NA,NA,NA,NA,NA,NA,N
0,1734,NA,NA,NA,NA,NA,NA,NA,N
0,1735,NA,NA,NA,NA,NA,NA,NA,N
0,1736,NA,NA,NA,NA,NA,NA,NA,N
0,1737,NA,NA,NA,NA,NA,NA,NA,N
0,1738,NA,NA,NA,NA,NA,NA,NA,N
0,1739,NA,NA,NA,NA,NA,NA,NA,N
0,1740,NA,NA,NA,NA,NA,NA,NA,N
0,1741,NA,NA,NA,NA,NA,NA,NA,N
0,1742,NA,NA,NA,NA,NA,NA,NA,F
0,1743,NA,NA,NA,NA,NA,NA,NA,N
0,1744,NA,NA,NA,NA,NA,NA,NA,N
0,1745,NA,NA,NA,NA,NA,NA,NA,N
0,1746,NA,NA,NA,NA,NA,NA,NA,N
0,1747,NA,NA,NA,NA,NA,NA,NA,N
0,1748,NA,NA,NA,NA,NA,NA,NA,N
0,1749,NA,NA,NA,NA,NA,NA,NA,N
0,1750,NA,NA,NA,NA,NA,NA,NA,N
0,1751,NA,NA,NA,NA,NA,NA,NA,N
0,1752,NA,NA,NA,NA,NA,NA,NA,N
0,1753,NA,NA,NA,NA,NA,NA,NA,N
0,1754,NA,NA,NA,NA,NA,NA,NA,N
0,1755,NA,NA,NA,NA,NA,NA,NA,N
0,1756,NA,NA,NA,NA,NA,NA,NA,N
0,1757,NA,NA,NA,NA,NA,NA,NA,N
0,1758,NA,NA,NA,NA,NA,NA,NA,N
0,1759,NA,NA,NA,NA,NA,NA,NA,N
0,1760,NA,NA,NA,NA,NA,NA,NA,N
0,1761,NA,NA,NA,NA,NA,NA,NA,N
0,1762,NA,NA,NA,NA,NA,NA,NA,N
0,1763,NA,NA,NA,NA,NA,NA,NA,N
0,1764,NA,NA,NA,NA,NA,NA,NA,N
0,1765,NA,NA,NA,NA,NA,NA,NA,N
0,1766,NA,NA,NA,NA,NA,NA,NA,N
0,1767,NA,NA,NA,NA,NA,NA,NA,N
0,1768,NA,NA,NA,NA,NA,NA,NA,F
0,1769,NA,NA,NA,NA,NA,NA,NA,F
0,1770,NA,NA,NA,NA,NA,NA,NA,N
0,1771,NA,NA,NA,NA,NA,NA,NA,N
0,1772,NA,NA,NA,NA,NA,NA,NA,F
0,1773,NA,NA,NA,NA,NA,NA,NA,F
0,1774,NA,NA,NA,NA,NA,NA,NA,N
0,1775,NA,NA,NA,NA,NA,NA,NA,N
0,1776,NA,NA,NA,NA,NA,NA,NA,N
0,1777,NA,NA,NA,NA,NA,NA,NA,N
0,1778,NA,NA,NA,NA,NA,NA,NA,N
0,1779,NA,NA,NA,NA,NA,NA,NA,N
0,1780,NA,NA,NA,NA,NA,NA,NA,N
0,1781,NA,NA,NA,NA,NA,NA,NA,N
0,1782,NA,NA,NA,NA,NA,NA,NA,F
0,1783,NA,NA,NA,NA,NA,NA,NA,N
0,1784,NA,NA,NA,NA,NA,NA,NA,N
0,1785,NA,NA,NA,NA,NA,NA,NA,N
0,1786,NA,NA,NA,NA,NA,NA,NA,N
0,1787,NA,NA,NA,NA,NA,NA,NA,N
0,1788,NA,NA,NA,NA,NA,NA,NA,N
0,1789,NA,NA,NA,NA,NA,NA,NA,N
0,1790,NA,NA,NA,NA,NA,NA,NA,N
0,1791,NA,NA,NA,NA,NA,NA,NA,N
0,1792,NA,NA,NA,NA,NA,NA,NA,N
0,1793,NA,NA,NA,NA,NA,NA,NA,N
0,1794,NA,NA,NA,NA,NA,NA,NA,F
0,1795,NA,NA,NA,NA,NA,NA,NA,N
0,1796,NA,NA,NA,NA,NA,NA,NA,N
0,1797,NA,NA,NA,NA,NA,NA,NA,N
0,1798,NA,NA,NA,NA,NA,NA,NA,N
0,1799,NA,NA,NA,NA,NA,NA,NA,N
0,1800,NA,NA,NA,NA,NA,NA,NA,N
0,1801,NA,NA,NA,NA,NA,NA,NA,N
0,1802,NA,NA,NA,NA,NA,NA,NA,F
0,1803,NA,NA,NA,NA,NA,NA,NA,N
0,1804,NA,NA,NA,NA,NA,NA,NA,N
0,1805,NA,NA,NA,NA,NA,NA,NA,N
0,1806,NA,NA,NA,NA,NA,NA,NA,F
0,1807,NA,NA,NA,NA,NA,NA,NA,N
0,1808,NA,NA,NA,NA,NA,NA,NA,N
0,1809,NA,NA,NA,NA,NA,NA,NA,N
0,1810,NA,NA,NA,NA,NA,NA,NA,N
0,1811,NA,NA,NA,NA,NA,NA,NA,N
0,1812,NA,NA,NA,NA,NA,NA,NA,N
0,1813,NA,NA,NA,NA,NA,NA,NA,F
0,1814,NA,NA,NA,NA,NA,NA,NA,F
0,1815,NA,NA,NA,NA,NA,NA,NA,N
0,1816,NA,NA,NA,NA,NA,NA,NA,N
0,1817,NA,NA,NA,NA,NA,NA,NA,F
0,1818,NA,NA,NA,NA,NA,NA,NA,N
0,1819,NA,NA,NA,NA,NA,NA,NA,N
0,1820,NA,NA,NA,NA,NA,NA,NA,N
0,1821,NA,NA,NA,NA,NA,NA,NA,N
0,1822,NA,NA,NA,NA,NA,NA,NA,N
0,1823,NA,NA,NA,NA,NA,NA,NA,N
0,1824,NA,NA,NA,NA,NA,NA,NA,N
0,1825,NA,NA,NA,NA,NA,NA,NA,N
0,1826,NA,NA,NA,NA,NA,NA,NA,N
0,1827,NA,NA,NA,NA,NA,NA,NA,N
0,1828,NA,NA,NA,NA,NA,NA,NA,N
0,1829,NA,NA,NA,NA,NA,NA,NA,N
0,1830,NA,NA,NA,NA,NA,NA,NA,N
0,1831,NA,NA,NA,NA,NA,NA,NA,N
0,1832,NA,NA,NA,NA,NA,NA,NA,N
0,1833,NA,NA,NA,NA,NA,NA,NA,N
0,1834,NA,NA,NA,NA,NA,NA,NA,F
0,1835,NA,NA,NA,NA,NA,NA,NA,N
0,1836,NA,NA,NA,NA,NA,NA,NA,N
0,1837,NA,NA,NA,NA,NA,NA,NA,N
0,1838,NA,NA,NA,NA,NA,NA,NA,N
0,1839,NA,NA,NA,NA,NA,NA,NA,N
0,1840,NA,NA,NA,NA,NA,NA,NA,N
0,1841,NA,NA,NA,NA,NA,NA,NA,N
0,1842,NA,NA,NA,NA,NA,NA,NA,N
0,1843,NA,NA,NA,NA,NA,NA,NA,N
0,1844,NA,NA,NA,NA,NA,NA,NA,N
0,1845,NA,NA,NA,NA,NA,NA,NA,N
0,1846,0.4047327329928154,0.38109993887771804,3.0514949773831543,-4.969536511858355,318.1883396398932,282.6972330843658,-48.53676037223526,Y
0,1847,NA,NA,NA,NA,NA,NA,NA,N
0,1848,NA,NA,NA,NA,NA,NA,NA,N
0,1849,NA,NA,NA,NA,NA,NA,NA,N
0,1850,NA,NA,NA,NA,NA,NA,NA,N
0,1851,NA,NA,NA,NA,NA,NA,NA,N
0,1852,NA,NA,NA,NA,NA,NA,NA,N
0,1853,1.300343992244677,2.063999280877634,1.6105342239583913,3.27929532562636,279.0142125143876,293.72886002479083,-54.15219965637448,Y
0,1854,NA,NA,NA,NA,NA,NA,NA,N
0,1855,NA,NA,NA,NA,NA,NA,NA,N
0,1856,NA,NA,NA,NA,NA,NA,NA,F
0,1857,NA,NA,NA,NA,NA,NA,NA,F
0,1858,0.06669046726301468,0.5254523982289262,3.365552287777747,-1.577863664058958e-05,344.35911595426484,314.53147837870387,-57.68090352080911,Y
0,1859,NA,NA,NA,NA,NA,NA,NA,F
0,1860,NA,NA,NA,NA,NA,NA,NA,F
0,1861,NA,NA,NA,NA,NA,NA,NA,N
0,1862,NA,NA,NA,NA,NA,NA,NA,F
0,1863,NA,NA,NA,NA,NA,NA,NA,F
0,1864,NA,NA,NA,NA,NA,NA,NA,N
0,1865,NA,NA,NA,NA,NA,NA,NA,F
0,1866,NA,NA,NA,NA,NA,NA,NA,N
0,1867,NA,NA,NA,NA,NA,NA,NA,F
0,1868,NA,NA,NA,NA,NA,NA,NA,F
0,1869,NA,NA,NA,NA,NA,NA,NA,N
0,1870,NA,NA,NA,NA,NA,NA,NA,N
0,1871,NA,NA,NA,NA,NA,NA,NA,N
0,1872,NA,NA,NA,NA,NA,NA,NA,N
0,1873,NA,NA,NA,NA,NA,NA,NA,N
0,1874,NA,NA,NA,NA,NA,NA,NA,N
0,1875,NA,NA,NA,NA,NA,NA,NA,N
0,1876,NA,NA,NA,NA,NA,NA,NA,N
0,1877,NA,NA,NA,NA,NA,NA,NA,N
0,1878,20.82818555639253,5.399555325049391,6.626825489123798,4.898396438537829,279.95318278610733,273.5799976563693,-337.4066552175626,Y
0,1879,NA,NA,NA,NA,NA,NA,NA,N
0,1880,176277.610755658,8.153984685239324,7.617108814746885,8.893108372029092,269.4868546807527,273.03797107537497,-326.6464055870242,Y
0,1881,0.02077147603802324,0.32235577184631864,-0.0008093264579999214,-2.329622021821355,209.4354349574348,270.33568377976144,-389.0959547508046,Y
0,1882,NA,NA,NA,NA,NA,NA,NA,N
0,1883,NA,NA,NA,NA,NA,NA,NA,N
0,1884,NA,NA,NA,NA,NA,NA,NA,N
0,1885,NA,NA,NA,NA,NA,NA,NA,N
0,1886,NA,NA,NA,NA,NA,NA,NA,N
0,1887,NA,NA,NA,NA,NA,NA,NA,N
0,1888,NA,NA,NA,NA,NA,NA,NA,N
0,1889,NA,NA,NA,NA,NA,NA,NA,N
0,1890,NA,NA,NA,NA,NA,NA,NA,N
0,1891,NA,NA,NA,NA,NA,NA,NA,N
0,1892,NA,NA,NA,NA,NA,NA,NA,N
0,1893,NA,NA,NA,NA,NA,NA,NA,N
0,1894,0.05920199357613595,0.242645938353753,2.666280616380283,-5.151266676477959,294.51851036707205,270.4244595340574,-355.4265442114538,Y
0,1895,NA,NA,NA,NA,NA,NA,NA,N
0,1896,NA,NA,NA,NA,NA,NA,NA,N
0,1897,NA,NA,NA,NA,NA,NA,NA,N
0,1898,NA,NA,NA,NA,NA,NA,NA,N
0,1899,0.27055804391927807,2.8912064668450794,5.247892473530418,2.559405268863048,298.03656748551316,279.8325786496395,-265.3708779892913,Y
0,1900,1.0385824381838966,1.4952444387375017,3.333077492797933,1.1905386621580247,293.42727664713146,269.48446042644883,-935.8277880084205,Y
0,1901,NA,NA,NA,NA,NA,NA,NA,N
0,1902,NA,NA,NA,NA,NA,NA,NA,N
0,1903,NA,NA,NA,NA,NA,NA,NA,N
0,1904,NA,NA,NA,NA,NA,NA,NA,N
0,1905,NA,NA,NA,NA,NA,NA,NA,N
0,1906,NA,NA,NA,NA,NA,NA,NA,N
0,1907,NA,NA,NA,NA,NA,NA,NA,N
0,1908,NA,NA,NA,NA,NA,NA,NA,N
0,1909,NA,NA,NA,NA,NA,NA,NA,N
0,1910,NA,NA,NA,NA,NA,NA,NA,N
0,1911,NA,NA,NA,NA,NA,NA,NA,N
0,1912,NA,NA,NA,NA,NA,NA,NA,N
0,1913,NA,NA,NA,NA,NA,NA,NA,N
0,1914,NA,NA,NA,NA,NA,NA,NA,N
0,1915,NA,NA,NA,NA,NA,NA,NA,N
0,1916,0.032946407939660055,2.194910571684153,4.15949884621854,1.879707314962284,304.4088141602661,285.59025477641444,-284.493185516851,Y
0,1917,NA,NA,NA,NA,NA,NA,NA,N
0,1918,NA,NA,NA,NA,NA,NA,NA,N
0,1919,NA,NA,NA,NA,NA,NA,NA,N
0,1920,NA,NA,NA,NA,NA,NA,NA,N
0,1921,NA,NA,NA,NA,NA,NA,NA,N
0,1922,NA,NA,NA,NA,NA,NA,NA,N
0,1923,NA,NA,NA,NA,NA,NA,NA,N
0,1924,NA,NA,NA,NA,NA,NA,NA,N
0,1925,NA,NA,NA,NA,NA,NA,NA,N
0,1926,NA,NA,NA,NA,NA,NA,NA,N
0,1927,NA,NA,NA,NA,NA,NA,NA,N
0,1928,NA,NA,NA,NA,NA,NA,NA,N
0,1929,NA,NA,NA,NA,NA,NA,NA,F
0,1930,NA,NA,NA,NA,NA,NA,NA,N
0,1931,NA,NA,NA,NA,NA,NA,NA,N
0,1932,NA,NA,NA,NA,NA,NA,NA,N
0,1933,NA,NA,NA,NA,NA,NA,NA,N
0,1934,NA,NA,NA,NA,NA,NA,NA,N
0,1935,NA,NA,NA,NA,NA,NA,NA,N
0,1936,NA,NA,NA,NA,NA,NA,NA,F
0,1937,NA,NA,NA,NA,NA,NA,NA,F
0,1938,NA,NA,NA,NA,NA,NA,NA,N
0,1939,NA,NA,NA,NA,NA,NA,NA,N
